id,first_name
1,Alma
2,Caressa
3,Simone
4,Moritz
5,Merwin
6,Ethel
7,Lyndsie
8,Cole
9,Orlando
10,Eward
11,Darrelle
12,Maurice
13,Eyde
14,Yankee
15,Sheffield
16,Gwynne
17,Lamar
18,Bartholomew
19,Major
20,Karin
21,Lilly
22,Berri
23,Siffre
24,Jacynth
25,Maisie
26,Aeriell
27,Jeanne
28,Avrit
29,Francois
30,Bourke
31,Lulu
32,Julian
33,Salem
34,Tamra
35,Andriette
36,See
37,Dom
38,Conway
39,Delia
40,Vale
41,Vickie
42,Edeline
43,Darlleen
44,Valdemar
45,Chris
46,Boone
47,Roman
48,Vinnie
49,Adrien
50,Amberly
51,Nesta
52,Coletta
53,Lorena
54,Shurlocke
55,Tasha
56,Elvis
57,Emili
58,Dilan
59,Sauncho
60,Stacee
61,Noelani
62,Lindsey
63,Livvie
64,Calida
65,Merle
66,Harriot
67,Justinn
68,Wallache
69,Noelyn
70,Danya
71,Blair
72,Sonny
73,Amandy
74,Luci
75,Orazio
76,Tiphani
77,Clemmy
78,Diann
79,Erny
80,Elmore
81,Marja
82,Gregg
83,Nap
84,Mikel
85,Rora
86,Erika
87,Veronike
88,Rhys
89,Leland
90,Noe
91,Pate
92,Ethelind
93,Sheridan
94,Niccolo
95,Ashia
96,Arleen
97,Fabiano
98,Gilemette
99,Randal
100,Marchelle
101,Olga
102,Lizzie
103,Erhard
104,Charla
105,Jocelin
106,Kelby
107,Kimbell
108,Fenelia
109,Ann-marie
110,Priscilla
111,Luise
112,Shelden
113,Linet
114,Gale
115,Ford
116,Dulcie
117,Lemmy
118,Sloane
119,Aubrette
120,Chevy
121,Birk
122,Ertha
123,Gerta
124,Marlie
125,Guillema
126,Conroy
127,Marlo
128,Berne
129,Tomaso
130,Nonie
131,Ches
132,Gaultiero
133,Kristy
134,Ainsley
135,Hadley
136,D'arcy
137,Fernande
138,Erek
139,Trent
140,Miner
141,Aeriela
142,Shanda
143,Sutherland
144,Lemmie
145,Pancho
146,Catarina
147,Gisele
148,Arman
149,Don
150,Hobey
151,Avie
152,Leon
153,Lissa
154,Zorine
155,Gretel
156,Galven
157,Darcey
158,Gordie
159,Gusty
160,Amerigo
161,Dasi
162,Bartholomew
163,Zebedee
164,Antonino
165,Diena
166,Bidget
167,Bucky
168,Mimi
169,Franzen
170,Gaylene
171,Mavis
172,Berrie
173,Burch
174,Lennard
175,Fitzgerald
176,Nanete
177,Bertina
178,Jayne
179,Doyle
180,Jennica
181,Fernandina
182,Claude
183,Clo
184,Zenia
185,Twyla
186,Verile
187,Sarine
188,Doll
189,Tomasine
190,Patrice
191,Valeria
192,Jayson
193,Adams
194,Tonye
195,Yorgos
196,Hortense
197,Field
198,Olly
199,Denyse
200,Linell
201,Janek
202,Kailey
203,Lynn
204,Ichabod
205,Dmitri
206,Hamlin
207,Garrott
208,Monica
209,Damara
210,Leshia
211,Malcolm
212,Candis
213,Vania
214,Teresa
215,Ginelle
216,Sloan
217,Julee
218,Ninnetta
219,Caspar
220,Leighton
221,Holt
222,Lesli
223,Jay
224,Neill
225,Gertrudis
226,Liv
227,Bernetta
228,Neely
229,Ax
230,Edlin
231,Suzi
232,Wilie
233,Marcello
234,Harold
235,Andris
236,Opaline
237,Ericka
238,Glynnis
239,Jerrie
240,Amelie
241,Barny
242,Chery
243,Aluino
244,Dulciana
245,Cris
246,Aurlie
247,Blanche
248,Nikolai
249,Sheff
250,Kassia
251,Bale
252,Hewet
253,Jacinthe
254,Veronika
255,Kimberlee
256,Addi
257,Loren
258,Judy
259,Burg
260,Erhart
261,Lissi
262,Ulberto
263,Teri
264,Pete
265,Lu
266,Cash
267,Mitchell
268,Tiphanie
269,Diannne
270,Temple
271,Kilian
272,Ambrose
273,Salli
274,Kathie
275,Giana
276,Brande
277,Brooke
278,Bay
279,Leonore
280,Jeromy
281,Rossy
282,Simone
283,Lanni
284,Charles
285,Valentine
286,Cassy
287,Mead
288,Marwin
289,Butch
290,Harold
291,Webster
292,Georg
293,Rutherford
294,Regan
295,Kerrill
296,Dix
297,Dorine
298,Hewitt
299,Raquel
300,Roselin
301,Luci
302,Delmore
303,Claiborne
304,Amalie
305,Kasper
306,Lindi
307,Nealon
308,Travers
309,Amory
310,Reagan
311,Georgiana
312,Brice
313,Tome
314,Arlan
315,Merrily
316,Lane
317,Kaine
318,Willie
319,Rhiamon
320,Hilde
321,Noel
322,Gilemette
323,Alley
324,Ibbie
325,Doralynn
326,Morena
327,Evangeline
328,Rozamond
329,Vale
330,Nealson
331,Trumaine
332,Leigh
333,Vonni
334,Tobye
335,Clarette
336,Erin
337,Irma
338,Mike
339,Cirillo
340,Friedrich
341,Brooks
342,Riannon
343,Sheila-kathryn
344,Octavia
345,Liam
346,Tobi
347,Levin
348,Chadd
349,Vinni
350,Wildon
351,Alvan
352,Gilligan
353,Clemente
354,Angelika
355,Pascal
356,Rakel
357,Eolanda
358,Alane
359,Iseabal
360,Cullin
361,Karlik
362,Udall
363,Minnnie
364,Fanny
365,Brigitta
366,Dennis
367,Ursola
368,Arlee
369,Hanny
370,Teddy
371,Teddie
372,Sheridan
373,Garnette
374,Fan
375,Drake
376,Ryon
377,Noemi
378,Gabrielle
379,Jasper
380,Noam
381,Randie
382,Erv
383,Drucie
384,Waneta
385,Joe
386,Domingo
387,Chandler
388,Sammie
389,Saxe
390,Roscoe
391,Burlie
392,Consalve
393,Tova
394,Kimble
395,Dasie
396,Orella
397,Dennie
398,Jacinthe
399,Janine
400,Thatch
401,Keefer
402,Abbot
403,Billi
404,Carrol
405,Trude
406,Barbara-anne
407,Katharine
408,Hobey
409,Flinn
410,Wallie
411,Oliviero
412,Axe
413,Jo
414,Iago
415,Victoria
416,Flossie
417,Harriett
418,Vassili
419,Gayle
420,Ragnar
421,Thomasine
422,Sara
423,Maurizia
424,Catlee
425,Laird
426,Dede
427,Bria
428,Mirella
429,Fancy
430,Karoly
431,Adham
432,Audry
433,Hanni
434,Urban
435,Van
436,Wynn
437,Ginger
438,Marigold
439,Vlad
440,Saunder
441,Zelig
442,Solomon
443,Beau
444,Sarita
445,Krista
446,Clerissa
447,Gae
448,Rivy
449,Ezri
450,Melanie
451,Vanessa
452,Lannie
453,Breanne
454,Cari
455,Katina
456,Audrey
457,Colly
458,Cortney
459,Aleece
460,Silvie
461,Michel
462,Gustav
463,Jessa
464,Yurik
465,Wells
466,Corrie
467,Niall
468,Jo ann
469,Tomas
470,Ilise
471,Eilis
472,Frederich
473,Alard
474,Joseph
475,Rafaelia
476,Joly
477,Egor
478,Bastien
479,Woodrow
480,Cornela
481,Imojean
482,Livvyy
483,Keane
484,Elberta
485,Simonne
486,Vilma
487,Nerita
488,Magda
489,Elane
490,Fraser
491,Norman
492,Christin
493,Tami
494,Lucretia
495,Bari
496,Delora
497,Lucretia
498,Martha
499,Andromache
500,Ameline
501,Shawn
502,Drake
503,Mala
504,Juliann
505,Sigismundo
506,Sascha
507,Hart
508,Hamilton
509,Rodrigo
510,Mychal
511,Elwood
512,Diannne
513,Mady
514,Valeda
515,Matthaeus
516,Silvanus
517,Rupert
518,Bess
519,Nicolais
520,Sam
521,Valentia
522,Boot
523,Alonzo
524,Rooney
525,Hort
526,Dunstan
527,Katine
528,Gardner
529,Maurine
530,Jillene
531,Chelsy
532,Oswald
533,Danni
534,Lin
535,Bertrando
536,Marylou
537,Fabiano
538,Maryanna
539,Rabi
540,Tomkin
541,Lorrie
542,Sonya
543,Dar
544,Ginger
545,Hirsch
546,Tailor
547,Thaddeus
548,Whitby
549,Vannie
550,Brigitte
551,Thaddus
552,Bernard
553,Colver
554,Sheila
555,Maurie
556,Rudd
557,Kizzee
558,Danie
559,Shana
560,Anya
561,Rees
562,Betsy
563,Callean
564,Gilly
565,Margette
566,Rubina
567,Kanya
568,Dasi
569,Jeffy
570,Pedro
571,Les
572,Ryon
573,Sholom
574,Brinn
575,Darwin
576,Sheelagh
577,Nicole
578,Puff
579,Rivkah
580,Gerrie
581,Lacey
582,Lynett
583,Kendall
584,Tracey
585,Theda
586,Petronille
587,Emory
588,Ilyssa
589,Chrisse
590,Sunny
591,Alicea
592,Wendall
593,Sigfrid
594,Ebenezer
595,Fredrika
596,Emelyne
597,Hallie
598,Malinde
599,Ranice
600,Candace
601,Judi
602,Pace
603,Della
604,Quincey
605,Marylin
606,Claybourne
607,Corrina
608,Wallie
609,Kaitlynn
610,Leigha
611,Cristin
612,Vaughan
613,Honor
614,Harmon
615,Lauritz
616,Bettina
617,Keefer
618,Derril
619,Carie
620,Rheba
621,Glory
622,Bernete
623,Antonio
624,Roberta
625,Minne
626,Clarabelle
627,Clemmie
628,Flint
629,Elinore
630,Lancelot
631,Gael
632,Lib
633,Boycie
634,Ellary
635,Reinhold
636,Sherman
637,Olwen
638,Jane
639,Darill
640,Willem
641,Nata
642,Dore
643,Clemmy
644,Yevette
645,Kerby
646,Waylan
647,Pace
648,Demetria
649,Pepita
650,Juieta
651,Lenka
652,Aimee
653,Stacey
654,Rosette
655,Loria
656,Huntlee
657,Griffy
658,Trista
659,Egan
660,Dino
661,Jorge
662,Mirelle
663,Sibyl
664,Padriac
665,Georgi
666,Dora
667,Dunn
668,Jayme
669,Madalyn
670,Filbert
671,Joane
672,Britney
673,Arleta
674,Emelda
675,Dougie
676,Rhodie
677,Jill
678,Hugh
679,Blakeley
680,Brittany
681,Garik
682,Axe
683,Eleni
684,Andriette
685,Lorelle
686,Bing
687,Humfrey
688,Marshall
689,Teddy
690,Griffith
691,Alvira
692,Mireille
693,Denys
694,Martelle
695,Kathryne
696,Cristi
697,Udall
698,Tedra
699,Timmie
700,Shaylynn
701,Reggie
702,Consuelo
703,Kirstyn
704,Robb
705,Web
706,Fonsie
707,Hervey
708,Kerwin
709,Hobart
710,Stirling
711,Alice
712,Wendell
713,Alisha
714,Andromache
715,Rosita
716,Elliott
717,Meridel
718,Sidnee
719,Rafaelita
720,Cherye
721,Fax
722,Tabbitha
723,Tomaso
724,Taber
725,Stanford
726,Shaylyn
727,Concordia
728,Brad
729,De witt
730,Mackenzie
731,Seamus
732,Menard
733,Corena
734,Shaylah
735,Flynn
736,Ibbie
737,Francisco
738,Lynnell
739,Olly
740,Ardyth
741,Giusto
742,Imelda
743,Clark
744,Briny
745,Leroi
746,Millard
747,Federica
748,Olvan
749,Jaine
750,Drucy
751,Blondy
752,Alethea
753,Kelsy
754,Paulita
755,Shay
756,Mindy
757,Westley
758,Patsy
759,Quintilla
760,Pincus
761,Hardy
762,Bondon
763,Wolf
764,Orelee
765,Brose
766,Jeanie
767,Cymbre
768,Lorenzo
769,Torrin
770,Shauna
771,Zeke
772,Gaston
773,Hobey
774,Davine
775,Toddie
776,Bobina
777,Cecil
778,Tamar
779,Siana
780,Daisey
781,Itch
782,Justinn
783,Mada
784,Delbert
785,Valencia
786,Rhiamon
787,Carine
788,Elfreda
789,Sidoney
790,Gordan
791,Clayson
792,Kristos
793,Noby
794,Georgina
795,Mitchael
796,Claudina
797,Annie
798,Latashia
799,Ashby
800,Allis
801,Adrian
802,Bobbi
803,Jeralee
804,Bentley
805,Guilbert
806,Perry
807,Hamel
808,Sena
809,Fidel
810,Sarajane
811,Randie
812,Melany
813,Tiffani
814,Gustave
815,Andrus
816,Antonella
817,Madelon
818,Percy
819,Boyce
820,Lily
821,Josephina
822,Kissiah
823,Shawnee
824,Monika
825,Vinson
826,Nicole
827,Kalli
828,Marnia
829,Teodor
830,Cosetta
831,Claire
832,Paloma
833,Tawnya
834,Mae
835,Maridel
836,Wolfy
837,Magdalen
838,Flint
839,Bevon
840,Arny
841,Keary
842,Meara
843,Cross
844,Terri
845,Mariska
846,Golda
847,Judah
848,Alisun
849,Merilyn
850,Claudette
851,Ryann
852,Charity
853,Amii
854,Cass
855,Johannah
856,Karrah
857,Rafa
858,Alexi
859,Rhianon
860,Free
861,Davin
862,Yule
863,Joela
864,Nadeen
865,Bettina
866,Beverly
867,Kristal
868,Trent
869,Gustave
870,Danit
871,Kiele
872,Kaylil
873,Jules
874,Jordana
875,Flem
876,Doyle
877,Keane
878,Melanie
879,Weber
880,Corey
881,Vincents
882,Roobbie
883,Selie
884,Fonsie
885,Ashlee
886,Minette
887,Niel
888,Eloise
889,Barnard
890,Jeri
891,Ozzy
892,Phyllis
893,Orly
894,Richy
895,Jere
896,Madelene
897,Mia
898,Kayla
899,Lucky
900,Ricca
901,Tammie
902,Dore
903,Antonella
904,Alexandros
905,Brook
906,Louella
907,Venus
908,Eleen
909,Rolfe
910,Avis
911,Alfons
912,Ingelbert
913,Jeannine
914,Meredithe
915,August
916,Donny
917,Corby
918,Emmalynne
919,Alano
920,Binni
921,Alyssa
922,Ty
923,Ira
924,Ernestus
925,Jourdain
926,Dre
927,Micheil
928,Delores
929,Flora
930,Deeyn
931,Bibbye
932,Tremayne
933,Lawton
934,Cullen
935,Benita
936,Chevalier
937,Norry
938,Karlotta
939,Bing
940,Maggie
941,Kellen
942,Lincoln
943,Tobit
944,Jeanie
945,Stanly
946,Hermy
947,Meghan
948,Paten
949,Edy
950,Odell
951,Nicholle
952,Munmro
953,Rosalynd
954,Ara
955,Cooper
956,Lacey
957,Washington
958,Virginie
959,Brynne
960,Gardie
961,Ruperta
962,Shep
963,Westbrook
964,Lyman
965,Mufi
966,Valida
967,Marlo
968,Benedetto
969,Enid
970,Agata
971,Shae
972,Issi
973,Sidonnie
974,Evangelia
975,Hobie
976,Almeta
977,Delphine
978,Kassia
979,Pat
980,Lissi
981,Becky
982,Cyrus
983,Gwenny
984,Michale
985,Owen
986,Phaedra
987,Cristiano
988,Amelita
989,Phillipe
990,Brandy
991,Cathleen
992,Amye
993,Dorrie
994,Cyb
995,Carol
996,Cherin
997,Keven
998,Rosetta
999,Randie
1000,Kristofor
