1,Karlyn,kprothero0@moonfruit.com,Female,Accounting Assistant IV,65.91,8655
2,Verne,vsilberschatz1@geocities.jp,Male,Quality Control Specialist,41.19,472
3,Lilia,lgwilliam2@hatena.ne.jp,Female,Occupational Therapist,26.07,8861
4,Dell,dmellhuish3@moonfruit.com,Male,Legal Assistant,6.96,4770
5,Harlene,hbhar4@spiegel.de,Female,Assistant Media Planner,78.43,4309
6,Orren,odoyle5@webnode.com,Male,Data Coordiator,89.85,9277
7,Marge,mtheakston6@usnews.com,Female,VP Quality Control,62.48,7353
8,Baillie,bgiacoppoli7@sciencedirect.com,Male,Research Assistant IV,21.55,5290
9,Auguste,akliesl8@blogger.com,Female,Financial Advisor,13.07,6906
10,Winona,wbolt9@t-online.de,Female,Assistant Manager,60.82,2548
11,Val,vportlocka@opensource.org,Male,Office Assistant IV,59.52,7226
12,Fraze,fgresleyb@tripod.com,Male,Programmer II,99.57,9039
13,Shadow,scarvillec@chron.com,Male,Safety Technician II,40.19,1321
14,Englebert,eanderd@senate.gov,Male,Software Engineer II,46.43,2192
15,Trevor,ttennete@paypal.com,Male,Accounting Assistant I,46.39,1951
16,Anni,acumbesf@wiley.com,Female,Recruiter,74.22,7671
17,Niles,nwingfieldg@abc.net.au,Male,Account Executive,10.64,1598
18,Jude,jdumbeltonh@google.com.br,Male,Biostatistician III,34.94,1403
19,Easter,emeaddowcrofti@t-online.de,Female,Design Engineer,18.17,9908
20,Bernardina,bhaslewoodj@shop-pro.jp,Female,Analyst Programmer,94.68,4823
21,Kylen,knealek@sfgate.com,Female,Biostatistician II,92.58,262
22,Gilbert,gfetterl@miitbeian.gov.cn,Male,Computer Systems Analyst I,54.86,1488
23,Lezlie,lolearym@rediff.com,Female,Media Manager II,77.12,4890
24,Harlen,hnesfieldn@jalbum.net,Male,Programmer Analyst I,83.43,1917
25,Lonni,lcowgillo@chicagotribune.com,Female,Operator,99.71,5077
26,Barrie,bbootsp@europa.eu,Female,Biostatistician IV,18.36,5019
27,Penny,pgermainq@google.com.au,Male,Research Assistant IV,72.98,9590
28,Myrtle,mvineallr@friendfeed.com,Female,Actuary,32.18,7565
29,Georgie,gstrowthers@prweb.com,Female,Recruiting Manager,25.35,5675
30,Wayland,whenfret@mac.com,Male,Account Executive,18.52,3701
