1,Glynn,gnoakes0@hostgator.com,Male,Professor,25.2,473
2,Niels,ndupree1@eepurl.com,Male,Statistician III,76.11,1980
3,Danice,dgrocock2@nih.gov,Female,Food Chemist,70.4,489
4,Theo,tgroombridge3@joomla.org,Female,Professor,15.14,1031
5,Nathalia,nsummerson4@dailymotion.com,Female,Executive Secretary,68.78,6745
6,Paxton,pfilyashin5@squarespace.com,Male,Chief Design Engineer,81.25,2410
7,Dalt,dhillatt6@t.co,Male,Staff Accountant II,52.68,6237
8,Zandra,zawmack7@about.me,Female,Nurse Practicioner,76.11,5989
9,Kaitlin,kmcloughlin8@umich.edu,Female,Financial Advisor,45.82,3463
10,Lara,lroadknight9@webnode.com,Female,Editor,22.65,3687
11,Maryrose,mhanburya@altervista.org,Female,Developer III,82.93,2
12,Cyrille,cleemansb@prweb.com,Male,Senior Sales Associate,90.76,5136
13,Kassandra,kblasingc@amazonaws.com,Female,Engineer III,51.82,4892
14,Winny,wcarseyd@uol.com.br,Female,Technical Writer,4.9,4467
15,Alica,aseamane@angelfire.com,Female,Media Manager IV,29.21,1919
16,Welsh,wlovettf@ustream.tv,Male,Design Engineer,16.58,2632
17,Jammal,jpigotg@opensource.org,Male,Media Manager IV,21.78,4306
18,Delphine,dmaccullochh@icio.us,Female,Programmer III,4.9,1289
19,Sherwynd,strevnai@linkedin.com,Male,Sales Representative,46.38,8661
20,Letty,lprimej@auda.org.au,Female,Health Coach I,6.17,3940
21,Casper,cduckeringk@theatlantic.com,Male,Operator,72.62,7934
22,Alan,adykel@gizmodo.com,Male,Safety Technician IV,28.25,6283
23,Catharina,croysonm@slideshare.net,Female,Health Coach II,62.9,2494
24,Cyb,cbrannonn@ebay.co.uk,Female,Structural Analysis Engineer,23.79,8481
25,Woodrow,wreefo@alibaba.com,Male,Software Test Engineer II,20.51,1311
26,Vale,vpressmanp@theguardian.com,Male,Assistant Professor,71.82,7001
27,Redford,rwakenshawq@mapquest.com,Male,Electrical Engineer,19.29,4881
28,Moselle,mkuncr@naver.com,Female,Mechanical Systems Engineer,11.32,6230
29,Mureil,mrubinows@zimbio.com,Female,Account Executive,35.81,9744
30,Maurizio,msilbersakt@skyrock.com,Male,Occupational Therapist,45.57,1408
31,Tanney,tlesseru@yahoo.co.jp,Male,Human Resources Manager,22.33,9704
32,Gilles,gtimlinv@discuz.net,Male,Internal Auditor,85.29,7774
33,Darcey,dhowdenw@cnbc.com,Female,Automation Specialist II,94.95,2076
34,Christabel,cdurandx@discuz.net,Female,Account Coordinator,25.09,787
35,Darda,dgunnery@ehow.com,Female,Senior Quality Engineer,35.07,9599
36,Ham,hwilseez@plala.or.jp,Male,Design Engineer,63.14,762
37,Helenka,hdechastelain10@parallels.com,Female,Account Coordinator,1.52,2307
38,Fanny,fbryson11@shareasale.com,Female,VP Product Management,96.28,9720
39,Janifer,jkenion12@unicef.org,Female,Business Systems Development Analyst,31.99,2021
40,Zonda,zpearman13@list-manage.com,Female,Quality Control Specialist,81.69,3221
41,Salomone,sbool14@unblog.fr,Male,Data Coordiator,14.42,8777
42,Neddie,nstearndale15@meetup.com,Male,Human Resources Manager,20.11,9233
43,Baxie,bmasdon16@google.com.au,Male,Senior Sales Associate,51.07,1899
44,Monro,mpellamonuten17@drupal.org,Male,Information Systems Manager,35.0,9945
45,Fons,fgallant18@oakley.com,Male,Software Consultant,2.52,1920
46,Leisha,lbuie19@typepad.com,Female,Staff Scientist,91.6,5398
47,Bat,btamsett1a@163.com,Male,Analyst Programmer,64.15,7109
48,Damara,drobbie1b@arizona.edu,Female,Accountant III,43.94,6269
49,Trevar,tgiocannoni1c@nationalgeographic.com,Male,Research Assistant III,51.37,296
50,Grace,gwhieldon1d@chron.com,Male,Electrical Engineer,7.53,9198
51,Tiphany,tcottage1e@mozilla.org,Female,Mechanical Systems Engineer,97.64,2913
52,Faydra,fbanfield1f@cornell.edu,Female,Environmental Specialist,39.91,6937
53,Bruis,bpencott1g@infoseek.co.jp,Male,Quality Engineer,67.04,7638
54,Dian,durian1h@indiatimes.com,Female,Biostatistician III,78.87,1156
55,Thaine,tkalker1i@ow.ly,Male,Developer IV,29.57,1704
56,Sanders,sdavy1j@ucoz.ru,Male,Structural Engineer,44.96,1529
57,Dierdre,dbeament1k@live.com,Female,Health Coach IV,36.16,4981
58,Lurette,lsegrott1l@latimes.com,Female,Executive Secretary,11.06,4496
59,Locke,lshorland1m@myspace.com,Male,Operator,90.68,5534
60,Flin,fmacgiolla1n@theglobeandmail.com,Male,Professor,82.77,1756
61,Lenka,lbohills1o@yolasite.com,Female,Data Coordiator,28.6,3518
62,Tasia,tspollen1p@chicagotribune.com,Female,Help Desk Technician,25.72,7823
63,Joe,jcready1q@ibm.com,Male,Chemical Engineer,3.88,2362
64,Klara,kgerrey1r@mit.edu,Female,Environmental Specialist,21.31,6300
65,L;urette,lpavis1s@alexa.com,Female,Desktop Support Technician,17.41,4447
66,Tera,ttoghill1t@purevolume.com,Female,Quality Engineer,95.02,1579
67,Inga,ishalliker1u@reuters.com,Female,Registered Nurse,56.9,3327
68,Gayle,gdibiasi1v@soundcloud.com,Female,Business Systems Development Analyst,10.66,9882
69,Tades,tscougal1w@netvibes.com,Male,VP Accounting,68.23,5555
70,Ebony,eventum1x@sciencedirect.com,Female,Registered Nurse,86.47,5342
71,Rollins,rnyles1y@wordpress.com,Male,Technical Writer,5.88,2148
72,Celestine,cmaccart1z@opensource.org,Female,Community Outreach Specialist,39.31,7697
73,Kesley,kcrummy20@photobucket.com,Female,Product Engineer,75.76,7527
74,Dedie,dlymer21@mysql.com,Female,VP Quality Control,44.7,3403
75,Harriott,hmathelin22@msn.com,Female,Research Assistant IV,60.2,4169
76,Othella,oeinchcombe23@patch.com,Female,Chief Design Engineer,37.85,4861
77,Philippine,panfosso24@deviantart.com,Female,Help Desk Technician,84.1,3899
78,Karlyn,kbriscow25@netscape.com,Female,Project Manager,71.73,2324
79,Jeniece,jsilwood26@nature.com,Female,VP Marketing,21.25,7891
80,Tasha,tfaichney27@yellowbook.com,Female,Community Outreach Specialist,91.09,2110
81,Mylo,mdanielis28@zimbio.com,Male,Compensation Analyst,8.26,3642
82,Trumaine,tgillanders29@google.co.uk,Male,Account Representative III,42.06,33
83,Sollie,sgilhoolie2a@marriott.com,Male,Analog Circuit Design manager,39.55,7981
84,Adrian,ahackworthy2b@people.com.cn,Female,Analyst Programmer,43.93,3228
85,Lurleen,lleblanc2c@columbia.edu,Female,Senior Developer,86.6,9983
86,Filippo,fcumming2d@ftc.gov,Male,Director of Sales,61.04,8053
87,Austina,adeatta2e@eepurl.com,Female,Social Worker,48.04,9803
88,Dacia,dmatousek2f@networksolutions.com,Female,Project Manager,37.87,3418
89,Rodge,rsibbet2g@stanford.edu,Male,Web Developer III,90.13,8793
90,Anica,aoxbury2h@tinyurl.com,Female,Computer Systems Analyst IV,61.74,5068
91,Lyle,lwhorlow2i@dyndns.org,Male,Research Associate,19.16,7722
92,Analiese,atomankiewicz2j@dropbox.com,Female,VP Accounting,23.54,4665
93,Hillel,hdennison2k@accuweather.com,Male,Sales Representative,86.66,8086
94,Garwood,ghosier2l@redcross.org,Male,Senior Sales Associate,88.7,6355
95,Michel,mstoneley2m@ucla.edu,Female,Pharmacist,57.92,4756
96,Bone,bmingey2n@t-online.de,Male,Technical Writer,20.77,1861
97,Scarlett,sricardou2o@timesonline.co.uk,Female,Staff Accountant I,84.45,1329
98,Ree,rvarey2p@ihg.com,Female,Design Engineer,2.38,2935
99,Ilaire,isharville2q@163.com,Male,Safety Technician II,50.64,6478
100,Drusi,dive2r@zimbio.com,Female,Operator,71.04,5555
101,Stacy,shudd2s@skyrock.com,Male,Account Representative III,68.9,981
102,Quintina,qroobottom2t@scribd.com,Female,Product Engineer,44.46,493
103,Rosalyn,rgoodreid2u@hibu.com,Female,Database Administrator II,99.12,2526
104,Salli,sben2v@ning.com,Female,Help Desk Technician,17.42,1337
105,Aurea,aespadero2w@sina.com.cn,Female,Human Resources Assistant III,63.41,9577
106,Kalie,klorant2x@abc.net.au,Female,Paralegal,31.19,803
107,Nadiya,nboolsen2y@prweb.com,Female,Project Manager,14.21,9816
108,Conrade,cteaze2z@businessweek.com,Male,Help Desk Technician,26.13,3394
109,Bale,bberzen30@yahoo.com,Male,Analyst Programmer,57.26,4557
110,Aymer,ameharg31@dropbox.com,Male,Operator,47.1,5098
111,Agosto,avalde32@tinypic.com,Male,Geological Engineer,37.36,2146
112,Kirby,kinchan33@theglobeandmail.com,Female,Developer IV,27.18,5912
113,Tess,thubbert34@dion.ne.jp,Female,Geological Engineer,58.96,362
114,Wenona,wbull35@unc.edu,Female,Junior Executive,9.05,2038
115,Chic,cmeindl36@ted.com,Male,Automation Specialist III,29.25,6434
116,Woody,wclapp37@hubpages.com,Male,Assistant Professor,68.23,5453
117,Doralin,dduxbury38@webs.com,Female,Internal Auditor,20.95,9064
118,Serene,staylerson39@bbb.org,Female,Account Coordinator,60.99,2605
119,Cheryl,coag3a@biblegateway.com,Female,Design Engineer,89.55,1346
120,Linoel,lbome3b@amazon.de,Male,Administrative Assistant II,27.14,4610
121,Robinson,rbente3c@engadget.com,Male,Accountant II,97.49,9458
122,Zorine,zbouskill3d@ycombinator.com,Female,Mechanical Systems Engineer,72.61,1600
123,Robinia,rgething3e@alibaba.com,Female,Environmental Specialist,47.77,4826
124,Laina,lchristofle3f@zimbio.com,Female,Financial Advisor,62.25,2942
125,Derwin,daldam3g@ox.ac.uk,Male,Marketing Assistant,84.69,9660
126,Julienne,jrudram3h@patch.com,Female,Professor,82.73,7668
127,Darrick,dhuskinson3i@google.co.uk,Male,GIS Technical Architect,46.97,5008
128,Valaria,vbetchley3j@nifty.com,Female,Accounting Assistant IV,18.44,8266
129,Sibylla,sluxton3k@nytimes.com,Female,Software Engineer III,87.99,2184
130,Queenie,qjacquot3l@jimdo.com,Female,Senior Financial Analyst,39.83,7030
131,Elnora,ewaker3m@123-reg.co.uk,Female,Teacher,58.64,1388
132,Selia,scattellion3n@bloglovin.com,Female,Cost Accountant,31.95,1417
133,Broderick,bhorsell3o@etsy.com,Male,Computer Systems Analyst II,69.53,4452
134,Danny,dbarens3p@narod.ru,Male,Staff Scientist,75.19,4805
135,Milo,msavell3q@hc360.com,Male,Occupational Therapist,38.69,6281
136,Pearline,pkeble3r@arizona.edu,Female,Human Resources Manager,4.0,4420
137,Eduard,etothacot3s@canalblog.com,Male,Sales Representative,86.46,7476
138,Kathie,kmews3t@state.gov,Female,Design Engineer,50.6,1582
139,Trey,thastwall3u@discovery.com,Male,Compensation Analyst,30.28,8827
140,Fernandina,ftunna3v@shop-pro.jp,Female,Project Manager,85.04,7078
141,Albert,aeakin3w@cnn.com,Male,Registered Nurse,95.49,5655
142,Abeu,adevonport3x@macromedia.com,Male,Business Systems Development Analyst,27.61,7556
143,Pyotr,pvandecappelle3y@vkontakte.ru,Male,Administrative Officer,55.78,1339
144,Jeanna,jwestrip3z@google.com,Female,Graphic Designer,62.13,4873
145,Merv,mbaff40@accuweather.com,Male,Librarian,52.12,2419
146,Renie,rburnhard41@alibaba.com,Female,Technical Writer,99.86,3418
147,Mariejeanne,mnelthrop42@sciencedaily.com,Female,Data Coordiator,27.99,2691
148,Lilllie,lgatenby43@fastcompany.com,Female,Physical Therapy Assistant,37.6,8299
149,Henrietta,hsporrij44@cnbc.com,Female,Structural Engineer,63.29,183
150,Alex,aveeler45@house.gov,Female,Dental Hygienist,24.62,4960
151,Lela,lpreist46@miitbeian.gov.cn,Female,Budget/Accounting Analyst III,57.06,6227
152,Candice,cpaice47@youtube.com,Female,Developer IV,49.09,4894
153,Wrennie,wmattevi48@buzzfeed.com,Female,Physical Therapy Assistant,88.36,359
154,Bibby,bhaugen49@sfgate.com,Female,Internal Auditor,72.1,2437
155,Huntington,hmoreside4a@bizjournals.com,Male,Research Associate,22.12,919
156,Boone,bfrayling4b@baidu.com,Male,Environmental Tech,26.83,5116
157,Kipp,kloveridge4c@tamu.edu,Female,Senior Sales Associate,1.72,9787
158,Caldwell,cjeffs4d@opera.com,Male,Administrative Assistant III,37.77,1288
159,Shaun,sspatarul4e@symantec.com,Female,Mechanical Systems Engineer,4.78,469
160,Rosmunda,rboken4f@dot.gov,Female,Research Nurse,18.24,5739
161,Gaultiero,gbowmen4g@ustream.tv,Male,VP Accounting,21.77,5884
162,Serena,sgronno4h@marketwatch.com,Female,Social Worker,70.23,8907
163,Mae,mbraybrook4i@hao123.com,Female,Social Worker,62.56,6850
164,Robers,rwoodworth4j@mayoclinic.com,Male,Mechanical Systems Engineer,30.7,8728
165,Reed,rbenedikt4k@spiegel.de,Male,Biostatistician I,13.07,9057
166,Elva,eleindecker4l@dailymotion.com,Female,Legal Assistant,5.83,3573
167,Haven,hlabusquiere4m@elpais.com,Male,Business Systems Development Analyst,59.12,7475
168,Flinn,fsottell4n@rediff.com,Male,Design Engineer,85.4,8662
169,Daven,dhibbart4o@addthis.com,Male,VP Marketing,46.31,2328
170,Jasun,jtunstall4p@springer.com,Male,Safety Technician I,13.43,7857
171,Betteanne,brosenbarg4q@odnoklassniki.ru,Female,Research Assistant I,28.18,8257
172,Trude,tmertsching4r@hp.com,Female,Senior Quality Engineer,28.94,4360
173,Susanna,smacdonald4s@hexun.com,Female,Systems Administrator III,71.27,5389
174,Zacharia,zgrima4t@thetimes.co.uk,Male,Senior Financial Analyst,35.86,9594
175,Kaleb,kwoodier4u@slashdot.org,Male,Product Engineer,31.38,180
176,Westbrooke,wsteely4v@seesaa.net,Male,Staff Scientist,84.27,3401
177,Gwenneth,gdegogay4w@imageshack.us,Female,Civil Engineer,47.8,1575
178,Von,vpigford4x@salon.com,Male,Sales Representative,53.26,3445
179,Frannie,feddowes4y@census.gov,Female,Web Designer I,80.62,1142
180,Arel,asneezum4z@cargocollective.com,Male,Accountant IV,13.61,5282
181,Juan,jgask50@godaddy.com,Male,Help Desk Technician,51.73,8751
182,Sullivan,ssalterne51@vinaora.com,Male,Health Coach III,92.24,5610
183,Jaye,jbimson52@themeforest.net,Male,Staff Scientist,36.97,2375
184,Euell,ecrannis53@wikispaces.com,Male,Civil Engineer,47.1,2332
185,Shaughn,scarlisso54@networkadvertising.org,Male,Research Nurse,12.29,8374
186,Rochella,rtilt55@php.net,Female,Technical Writer,48.03,3197
187,Maureene,mberwick56@nature.com,Female,Graphic Designer,76.01,1536
188,Joleen,jnarramore57@homestead.com,Female,Junior Executive,92.58,3129
189,Virgil,vlacroix58@mail.ru,Male,Product Engineer,45.56,3074
190,Vernon,vshervil59@myspace.com,Male,Environmental Tech,26.67,646
191,Carline,csukbhans5a@eventbrite.com,Female,Actuary,15.68,573
192,Kristopher,kswannack5b@wikimedia.org,Male,Senior Cost Accountant,88.79,1924
193,West,wrigolle5c@alexa.com,Male,Programmer Analyst II,61.24,6877
194,Trish,tbittlestone5d@statcounter.com,Female,Human Resources Manager,46.01,781
195,Son,sthomlinson5e@dailymail.co.uk,Male,VP Product Management,33.06,5172
196,Verge,vokenden5f@reference.com,Male,Senior Quality Engineer,62.84,8938
197,Ric,rlayton5g@aol.com,Male,Staff Scientist,21.54,824
198,Cy,ckolak5h@friendfeed.com,Male,Food Chemist,36.13,596
199,Euphemia,esiaskowski5i@microsoft.com,Female,Nurse Practicioner,29.58,5348
200,Hank,hjeannon5j@go.com,Male,Electrical Engineer,57.7,4643
201,Vern,vsives5k@dot.gov,Male,Tax Accountant,28.64,6443
202,Bonnie,bbannon5l@wordpress.com,Female,Cost Accountant,36.99,7705
203,Collen,cyearron5m@disqus.com,Female,Quality Control Specialist,12.46,7309
204,Leighton,lsmardon5n@newsvine.com,Male,Computer Systems Analyst II,50.16,1524
205,Shell,sdufaur5o@macromedia.com,Female,Chief Design Engineer,25.45,2673
206,Harry,hsargison5p@skype.com,Male,Editor,5.82,180
207,Mic,mmacglory5q@narod.ru,Male,Structural Engineer,92.76,6411
208,Daniela,dgrebner5r@example.com,Female,Accountant IV,7.51,2626
209,Vivia,vaxtonne5s@wordpress.org,Female,Nuclear Power Engineer,93.27,1993
210,Herold,hgyurkovics5t@mediafire.com,Male,Computer Systems Analyst III,1.05,1030
211,Kathlin,kchampion5u@pagesperso-orange.fr,Female,Financial Analyst,54.58,6840
212,Vaclav,vbarti5v@lycos.com,Male,Cost Accountant,72.18,2399
213,Moritz,mstrongitharm5w@free.fr,Male,Assistant Manager,68.63,7671
214,Diana,dkingston5x@nyu.edu,Female,Structural Engineer,29.7,4124
215,Andreas,akerrich5y@sohu.com,Male,Safety Technician II,89.18,8409
216,Linnea,llawn5z@ucoz.ru,Female,Editor,60.44,7390
217,Kala,kbehnke60@adobe.com,Female,Analyst Programmer,34.82,8055
218,Marlowe,mculwen61@prlog.org,Male,Accounting Assistant III,83.91,4534
219,Elset,eelement62@com.com,Female,Internal Auditor,28.75,9833
220,Giacinta,gphillipps63@goo.ne.jp,Female,Web Designer IV,77.48,6173
221,Jason,jchadband64@is.gd,Male,Cost Accountant,53.04,5327
222,Merwyn,mduffrie65@archive.org,Male,VP Accounting,91.05,6560
223,Bobina,bfairbrass66@earthlink.net,Female,Community Outreach Specialist,52.32,4343
224,Lois,ldafter67@reference.com,Female,Engineer IV,42.64,3725
225,Howie,hskeene68@usa.gov,Male,Research Associate,11.14,185
226,Jaquelin,jbloxam69@booking.com,Female,Marketing Assistant,95.1,5708
227,Francis,fmcmickan6a@tinypic.com,Male,Account Executive,17.11,6864
228,Rand,rstocking6b@bloomberg.com,Male,Director of Sales,59.29,9046
229,Anabelle,abulcroft6c@epa.gov,Female,Senior Cost Accountant,11.42,6629
230,Lars,lnulty6d@hud.gov,Male,Health Coach III,34.12,3697
231,Binky,bchaudrelle6e@bigcartel.com,Male,Sales Associate,32.59,4581
232,Burr,broblett6f@ask.com,Male,Structural Analysis Engineer,13.69,4193
233,Gretal,gfigger6g@smh.com.au,Female,Occupational Therapist,94.54,5741
234,Oralle,owarbrick6h@bloglines.com,Female,Account Representative II,5.2,9705
235,Alexandrina,acratchley6i@wordpress.com,Female,Account Executive,24.28,4244
236,Austin,adutt6j@opera.com,Female,Assistant Media Planner,22.23,6055
237,Blaire,bcollecott6k@cpanel.net,Female,Environmental Tech,31.66,3167
238,Dolli,dgosselin6l@ihg.com,Female,Human Resources Manager,22.72,9277
239,Willie,wshelf6m@123-reg.co.uk,Male,Financial Analyst,14.81,2142
240,Stirling,sprujean6n@usnews.com,Male,Analog Circuit Design manager,29.23,8683
241,Gusti,gbennen6o@friendfeed.com,Female,Physical Therapy Assistant,53.23,8703
242,Alexa,ameegin6p@tmall.com,Female,Developer IV,49.86,5539
243,Ashlin,awagnerin6q@nsw.gov.au,Male,Associate Professor,76.6,4696
244,Esmeralda,evertey6r@google.es,Female,Food Chemist,1.13,6113
245,Alvin,aboik6s@mysql.com,Male,General Manager,45.68,5569
246,Duncan,drosendorf6t@bizjournals.com,Male,Recruiting Manager,46.02,6210
247,Donnell,dcherrett6u@icq.com,Male,Research Assistant I,55.0,8921
248,Lilia,lrapsey6v@live.com,Female,Assistant Manager,75.17,3523
249,Gypsy,gpedreschi6w@boston.com,Female,Software Consultant,3.58,8265
250,Asa,akristof6x@auda.org.au,Male,Payment Adjustment Coordinator,33.18,979
251,Claudian,cfoucard6y@dropbox.com,Male,Graphic Designer,67.07,7363
252,Faythe,fhebdon6z@goo.ne.jp,Female,Staff Scientist,73.26,7899
253,Ruperto,rkersey70@sina.com.cn,Male,Software Test Engineer IV,11.21,7618
254,Mel,mcolrein71@weather.com,Female,Operator,2.48,7106
255,Nahum,ndymond72@washington.edu,Male,Recruiting Manager,59.7,4649
256,Corrie,cebdin73@php.net,Female,Help Desk Operator,95.4,3422
257,Gwenore,gfarnan74@qq.com,Female,Executive Secretary,73.19,3280
258,Myra,mpaddle75@bbb.org,Female,Associate Professor,77.05,798
259,Rois,rdenington76@earthlink.net,Female,Administrative Assistant II,73.95,8061
260,Sherwynd,sjessen77@mozilla.com,Male,Technical Writer,43.0,8199
261,Bronny,bmctrustam78@ezinearticles.com,Male,Account Coordinator,8.47,6934
262,Derwin,dlitzmann79@joomla.org,Male,Internal Auditor,11.57,4248
263,Christalle,czarb7a@4shared.com,Female,Assistant Media Planner,94.9,4302
264,Danny,dhantusch7b@moonfruit.com,Female,Marketing Assistant,48.68,7240
265,Felipe,fcharle7c@vk.com,Male,Recruiter,43.04,9214
266,Rosanne,rwatkinson7d@examiner.com,Female,Senior Cost Accountant,39.1,2819
267,Brandyn,bklaes7e@odnoklassniki.ru,Male,Project Manager,62.91,7684
268,Geneva,gfaiers7f@nydailynews.com,Female,Senior Editor,91.88,376
269,Ninetta,naizikowitz7g@washington.edu,Female,Budget/Accounting Analyst I,52.73,6720
270,Archie,aantunes7h@theglobeandmail.com,Male,Data Coordiator,30.66,4635
271,Deeyn,dchaimson7i@mashable.com,Female,Health Coach III,45.87,3769
272,Eolanda,elayburn7j@shop-pro.jp,Female,Information Systems Manager,99.65,3769
273,Jacky,jgrayson7k@slideshare.net,Female,Senior Cost Accountant,66.07,9073
274,Carena,cmackegg7l@google.com,Female,Account Executive,74.66,7123
275,Titus,trichen7m@google.ru,Male,Recruiting Manager,51.09,3407
276,Roxie,rmactavish7n@nytimes.com,Female,Mechanical Systems Engineer,77.57,8453
277,Maisey,mportch7o@fema.gov,Female,Accountant II,87.67,6918
278,Fernande,fcornelissen7p@webnode.com,Female,Design Engineer,64.57,6793
279,Alfy,apecey7q@symantec.com,Female,Actuary,14.6,5079
280,Artemus,akail7r@wunderground.com,Male,General Manager,74.48,5829
281,Kort,kdesantis7s@amazon.co.uk,Male,Health Coach II,20.86,1718
282,Joellen,jburke7t@studiopress.com,Female,Food Chemist,60.33,1426
283,Ike,ifessby7u@is.gd,Male,Safety Technician II,62.65,2264
284,Izzy,icummins7v@friendfeed.com,Male,Structural Analysis Engineer,19.46,5478
285,Morgun,mvanin7w@wp.com,Male,Desktop Support Technician,71.85,1063
286,Carmelina,ckrol7x@cbc.ca,Female,Legal Assistant,96.58,6603
287,Stefanie,smaclise7y@hp.com,Female,Programmer IV,59.83,8973
288,Smitty,smew7z@irs.gov,Male,VP Sales,96.5,6453
289,Leonora,lhellmer80@meetup.com,Female,Speech Pathologist,99.74,5423
290,Nikolai,njemmett81@jigsy.com,Male,Accountant IV,29.7,5995
291,Nixie,ngrebbin82@vinaora.com,Female,Tax Accountant,62.31,4652
292,Alecia,akonert83@pbs.org,Female,Analyst Programmer,77.88,9540
293,Gretal,gharse84@cnn.com,Female,Environmental Specialist,88.95,5333
294,Samaria,swallice85@google.de,Female,Director of Sales,19.8,3904
295,Georgetta,glitterick86@narod.ru,Female,Geological Engineer,58.09,8753
296,Winne,wfontenot87@microsoft.com,Female,Community Outreach Specialist,23.79,2683
297,Binni,bdefty88@liveinternet.ru,Female,Senior Editor,74.67,8507
298,Nicholle,npate89@desdev.cn,Female,Staff Scientist,97.17,3504
299,Cully,cbarhims8a@huffingtonpost.com,Male,Geological Engineer,75.14,3368
300,Carolina,cealles8b@walmart.com,Female,Senior Developer,73.97,2193
301,Freida,farkwright8c@smh.com.au,Female,VP Sales,86.18,9483
302,Jacki,jdench8d@tuttocitta.it,Female,Junior Executive,14.87,6746
303,Isaac,ihave8e@arstechnica.com,Male,Product Engineer,17.75,5181
304,Tuckie,tpulfer8f@washington.edu,Male,Senior Quality Engineer,39.7,6540
305,Willy,wdrexel8g@quantcast.com,Male,Social Worker,76.37,5541
306,Anabal,apoolman8h@aboutads.info,Female,Chemical Engineer,72.0,7758
307,Ossie,oclingoe8i@nydailynews.com,Male,Help Desk Operator,10.1,1235
308,Karola,klenoury8j@spiegel.de,Female,Research Nurse,89.48,5900
309,Stacie,seger8k@icq.com,Female,Tax Accountant,27.81,3934
310,Dwain,dcarlino8l@blogs.com,Male,Senior Sales Associate,36.64,1073
311,Hilario,hfaye8m@storify.com,Male,Recruiting Manager,99.97,4270
312,Weston,wjakubowsky8n@slashdot.org,Male,Quality Engineer,34.72,9690
313,Dinnie,dfetherstone8o@wiley.com,Female,Electrical Engineer,71.08,4576
314,Rosa,rscougall8p@mac.com,Female,Staff Scientist,12.02,1174
315,Zared,zchamberlin8q@ft.com,Male,Staff Scientist,26.06,669
316,Florella,flambshine8r@jiathis.com,Female,Assistant Manager,69.94,9705
317,Guglielmo,gdecourcy8s@google.com.br,Male,VP Accounting,57.03,4067
318,Zsazsa,zcruse8t@patch.com,Female,Chief Design Engineer,47.49,881
319,Ariana,acogger8u@hibu.com,Female,Quality Control Specialist,38.85,7267
320,Ashlen,awinspur8v@xing.com,Female,Information Systems Manager,62.64,9686
321,Gerhard,gdoucette8w@com.com,Male,Chief Design Engineer,88.99,5977
322,Devin,drugge8x@msu.edu,Female,Research Nurse,3.94,5976
323,Susette,scarles8y@printfriendly.com,Female,Payment Adjustment Coordinator,55.24,1385
324,Saloma,scolvine8z@goodreads.com,Female,Speech Pathologist,12.63,4688
325,Easter,ealenov90@spotify.com,Female,Design Engineer,43.14,7537
326,Cybill,cobey91@ca.gov,Female,Senior Financial Analyst,91.15,6746
327,Had,hgrimbleby92@shop-pro.jp,Male,Data Coordiator,11.68,3393
328,Klara,kanfrey93@google.co.uk,Female,VP Accounting,18.58,2019
329,Wendye,whawkey94@archive.org,Female,Nuclear Power Engineer,18.49,3113
330,Corabel,cferraro95@newyorker.com,Female,Computer Systems Analyst II,28.84,257
331,Randi,rquimby96@simplemachines.org,Male,Nurse Practicioner,42.31,4603
332,Grover,gwigglesworth97@baidu.com,Male,Software Consultant,35.47,5910
333,Phillipe,psellman98@rambler.ru,Male,Senior Quality Engineer,98.42,9476
334,Winna,wleeming99@barnesandnoble.com,Female,Actuary,68.27,339
335,Lilia,ldaw9a@columbia.edu,Female,Pharmacist,32.68,1386
336,Roy,rcraiker9b@4shared.com,Male,Assistant Manager,88.38,2413
337,Oswell,oqueree9c@elpais.com,Male,Staff Accountant II,42.72,7488
338,Othelia,osinclaire9d@house.gov,Female,Technical Writer,1.65,9636
339,Ros,rwalliker9e@craigslist.org,Female,Account Executive,90.49,7132
340,Shena,sgile9f@de.vu,Female,Programmer Analyst IV,51.18,7973
341,Siusan,sinnocent9g@dropbox.com,Female,Registered Nurse,32.81,4855
342,Jens,jbleyman9h@gnu.org,Male,GIS Technical Architect,77.69,454
343,Arvin,ajessel9i@example.com,Male,Office Assistant III,41.84,3383
344,Haroun,hgunston9j@fc2.com,Male,Computer Systems Analyst IV,61.16,9593
345,Bili,bvelti9k@seesaa.net,Female,Product Engineer,92.6,838
346,Manolo,mkelcey9l@ed.gov,Male,Systems Administrator I,93.93,1708
347,Gabbey,gakenhead9m@walmart.com,Female,Software Engineer I,50.97,2973
348,Pail,pkeasey9n@va.gov,Male,Senior Sales Associate,77.79,7901
349,Graehme,ggeeve9o@sina.com.cn,Male,Account Representative I,17.03,7508
350,Lusa,lchristoffels9p@ow.ly,Female,Physical Therapy Assistant,86.53,6441
351,Darci,dcrolly9q@buzzfeed.com,Female,Marketing Assistant,99.31,8600
352,Ervin,ecroizier9r@over-blog.com,Male,Design Engineer,97.07,623
353,Suellen,sissacson9s@arstechnica.com,Female,Account Coordinator,84.2,3049
354,Gwendolen,gcalcut9t@unicef.org,Female,Senior Financial Analyst,49.82,3912
355,Trixy,tbaugh9u@independent.co.uk,Female,Nurse Practicioner,52.36,1330
356,Cull,cbrownsword9v@e-recht24.de,Male,Biostatistician I,45.93,7466
357,Bobbe,bcawsey9w@github.com,Female,Business Systems Development Analyst,96.46,1232
358,Malcolm,mwinterson9x@cornell.edu,Male,Automation Specialist IV,74.23,1881
359,Gabriell,gjoplin9y@so-net.ne.jp,Female,Chief Design Engineer,87.67,4718
360,Susanna,sbotler9z@cam.ac.uk,Female,Developer II,48.94,6911
361,Veronika,vthurlborna0@stumbleupon.com,Female,Environmental Specialist,50.7,7577
362,Reagen,rpitcocka1@creativecommons.org,Male,Software Consultant,23.37,1195
363,Brinna,bhoggina2@free.fr,Female,Sales Associate,41.76,5389
364,Elysia,emcartea3@marriott.com,Female,Clinical Specialist,38.71,8419
365,Clayton,csatterlya4@nymag.com,Male,Nuclear Power Engineer,65.16,6231
366,Chaim,cpiburna5@woothemes.com,Male,Recruiting Manager,15.11,5888
367,Jarid,jbaldacchia6@umich.edu,Male,Software Consultant,89.04,3711
368,Christabella,cringsa7@ibm.com,Female,Compensation Analyst,14.41,578
369,Fredra,featocka8@example.com,Female,Electrical Engineer,22.73,1905
370,Becca,brishmana9@usda.gov,Female,Research Associate,23.39,3413
371,Myron,mvannoniaa@dropbox.com,Male,Biostatistician III,88.61,9616
372,Cecilio,cinglestonab@aol.com,Male,Food Chemist,86.22,7005
373,Ange,ajaramac@home.pl,Male,Internal Auditor,78.55,9032
374,Wendy,wcookneyad@pbs.org,Female,Programmer II,41.56,3914
375,Pru,pwrankmoreae@rakuten.co.jp,Female,Marketing Manager,63.58,1744
376,Webster,wriceardsaf@vinaora.com,Male,Database Administrator III,96.14,7959
377,Cathryn,channag@naver.com,Female,Graphic Designer,8.35,3889
378,Frannie,folletah@reference.com,Male,Research Nurse,59.1,3030
379,Jeddy,jjanuaryai@amazon.de,Male,Software Test Engineer III,9.03,4557
380,Karl,kbeinaj@chron.com,Male,Marketing Assistant,43.29,701
381,Jeane,joluwatoyinak@apple.com,Female,Assistant Media Planner,91.38,6264
382,Judy,jsilsonal@amazon.de,Female,Paralegal,43.78,1665
383,Zeb,zluddyam@berkeley.edu,Male,Financial Advisor,38.93,9201
384,Oralia,ocollumbinean@ebay.com,Female,Product Engineer,18.5,2311
385,Leonelle,lchippao@rediff.com,Female,Marketing Assistant,88.35,9684
386,Emile,ebrestonap@nature.com,Male,Staff Accountant III,75.18,2381
387,Domenico,dbarraraq@prlog.org,Male,Assistant Media Planner,17.7,8911
388,Layton,lproschkear@earthlink.net,Male,Marketing Assistant,22.85,4059
389,Loy,lhardacreas@virginia.edu,Male,Compensation Analyst,83.35,8591
390,Napoleon,npaffotat@npr.org,Male,Senior Sales Associate,84.22,1711
391,Kermy,kciepluchau@nymag.com,Male,Community Outreach Specialist,46.03,4022
392,Beatriz,bhelianav@dmoz.org,Female,Executive Secretary,12.31,6445
393,Linus,lharbackaw@vk.com,Male,Associate Professor,68.1,6357
394,Sherline,stominiax@alibaba.com,Female,Physical Therapy Assistant,31.84,1365
395,Elsworth,eberndsenay@last.fm,Male,Administrative Officer,23.35,4838
396,Bart,bcoulsenaz@home.pl,Male,Account Coordinator,73.84,2448
397,Selig,swordingtonb0@t.co,Male,Editor,22.72,5125
398,Jesse,jbamellb1@tinyurl.com,Male,Information Systems Manager,55.14,1117
399,Audie,abeckittb2@irs.gov,Female,Programmer Analyst III,92.14,9785
400,Alison,agoodbanneb3@vkontakte.ru,Female,Senior Cost Accountant,4.26,9951
401,Dona,dcourtb4@livejournal.com,Female,Engineer I,81.42,3871
402,Cullan,cdoverb5@newsvine.com,Male,Staff Scientist,86.87,316
403,Barbabra,bbaudinsb6@163.com,Female,Software Test Engineer II,62.22,6575
404,Dannie,dstandonb7@purevolume.com,Male,Engineer IV,13.05,3420
405,June,jowerb8@umich.edu,Female,Recruiting Manager,28.51,5286
406,Fitzgerald,fpriddeyb9@virginia.edu,Male,Senior Cost Accountant,28.99,8048
407,Essie,efendlenba@ustream.tv,Female,Clinical Specialist,88.54,5419
408,Hollyanne,hsiberrybb@cnn.com,Female,Quality Engineer,27.72,9163
409,Casey,coldakerbc@wufoo.com,Female,Sales Associate,33.32,8124
410,Teddi,thallwellbd@goo.gl,Female,Recruiting Manager,44.38,4049
411,Niven,ngorussobe@imgur.com,Male,Technical Writer,64.34,7643
412,Wit,wasbreybf@soup.io,Male,Clinical Specialist,51.33,7816
413,Aland,aholbornbg@arizona.edu,Male,Data Coordiator,31.63,3477
414,Haleigh,hlumbersbh@marketwatch.com,Male,Nuclear Power Engineer,72.09,7817
415,Griff,gbrazierbi@fda.gov,Male,Associate Professor,43.41,7750
416,Margo,mwalchbj@spotify.com,Female,Help Desk Operator,75.39,2489
417,Manolo,mosherinbk@t-online.de,Male,Legal Assistant,73.75,2584
418,Gwenneth,gswiffanbl@shinystat.com,Female,Programmer II,87.63,2085
419,Maddie,madairbm@g.co,Female,VP Marketing,48.59,6768
420,Lexis,lwollrauchbn@smugmug.com,Female,Pharmacist,52.26,7813
421,Kippie,kantognozziibo@sogou.com,Female,Professor,70.32,6743
422,Chico,ckinnarbp@eventbrite.com,Male,Food Chemist,67.61,8501
423,Giana,ggreadybq@independent.co.uk,Female,Staff Accountant I,75.4,930
424,Shelagh,slavensbr@thetimes.co.uk,Female,Project Manager,67.16,8582
425,Earlie,eblunsdenbs@home.pl,Male,Programmer Analyst III,8.41,9673
426,Farrel,fkimptonbt@jugem.jp,Male,Librarian,81.95,1387
427,Wolfgang,witchinghambu@example.com,Male,Sales Representative,59.62,4778
428,Joellyn,jelsaybv@infoseek.co.jp,Female,Product Engineer,83.4,3871
429,Angeline,akingmanbw@hostgator.com,Female,Help Desk Operator,47.43,9800
430,Rozanna,rhardwidgebx@google.ru,Female,Senior Cost Accountant,84.68,5762
431,Alf,amccaigby@edublogs.org,Male,Clinical Specialist,36.92,4263
432,Harris,hbedlebz@uol.com.br,Male,Nuclear Power Engineer,88.0,8619
433,Krista,krownc0@over-blog.com,Female,Analyst Programmer,55.45,1779
434,Alwyn,adebankec1@mozilla.org,Male,Actuary,98.58,9387
435,Sydel,sdoakc2@lulu.com,Female,Geologist I,99.91,5827
436,Dael,dcalbreathc3@cbsnews.com,Female,Analyst Programmer,4.11,1685
437,Bertram,bschermec4@go.com,Male,Safety Technician IV,2.7,8099
438,Munmro,mkhalidc5@ca.gov,Male,Actuary,92.43,6692
439,Carlotta,cpleagerc6@alexa.com,Female,Account Representative II,65.39,2322
440,Monica,mforkanc7@va.gov,Female,Web Developer II,30.49,8155
441,Kippie,kreddelc8@gravatar.com,Male,Systems Administrator II,83.87,5691
442,Curtis,cfloodc9@wired.com,Male,Social Worker,68.6,5019
443,Tiffy,tbrogiottica@discuz.net,Female,Sales Representative,38.91,4947
444,Wilhelmine,wshoutecb@dedecms.com,Female,Help Desk Operator,97.73,3114
445,Ruthi,rbasecc@nytimes.com,Female,Biostatistician III,17.1,3130
446,Randell,rgoldsbycd@facebook.com,Male,Environmental Tech,3.07,5631
447,Kaylyn,kaleshkovce@harvard.edu,Female,Nuclear Power Engineer,42.52,3281
448,Rudolfo,rhugcf@sciencedaily.com,Male,Analog Circuit Design manager,53.92,5935
449,Sarine,srangellcg@google.it,Female,Nurse Practicioner,7.79,1527
450,Jermayne,jmaych@posterous.com,Male,General Manager,18.02,4817
451,Sybyl,sethingtonci@jalbum.net,Female,Senior Sales Associate,69.08,3980
452,Kin,kliptrotcj@sphinn.com,Male,Database Administrator I,13.12,2714
453,Rhianna,rbaynhamck@typepad.com,Female,Research Nurse,61.61,3443
454,Pablo,prossandercl@buzzfeed.com,Male,Safety Technician I,71.14,9106
455,Carroll,cdurbyncm@hatena.ne.jp,Female,Office Assistant III,14.37,2281
456,Darrin,dellisoncn@usatoday.com,Male,Database Administrator II,69.21,5759
457,Liz,lyvensco@wix.com,Female,Project Manager,75.82,1437
458,Judie,jmitchensoncp@sbwire.com,Female,GIS Technical Architect,81.31,8542
459,Lezley,lgeldartcq@vkontakte.ru,Male,Senior Quality Engineer,83.91,9851
460,Joel,jwallbuttoncr@sbwire.com,Male,Senior Quality Engineer,50.83,7229
461,Ange,asurmeyerscs@aol.com,Female,Nurse,75.3,5181
462,Harvey,hflisherct@paginegialle.it,Male,VP Quality Control,98.4,7815
463,Lucila,lelcoatcu@nba.com,Female,Occupational Therapist,59.07,4394
464,Gaby,gholtomcv@skyrock.com,Female,Actuary,21.65,7517
465,Garwood,gstodartcw@bloglines.com,Male,Cost Accountant,17.66,7497
466,Shandra,sfitchellcx@ning.com,Female,VP Sales,66.17,6633
467,Rasla,rmarcomecy@arstechnica.com,Female,Clinical Specialist,71.63,3443
468,Kriste,kkeyhoecz@pbs.org,Female,Registered Nurse,6.55,8039
469,Parker,pmaseresd0@topsy.com,Male,Food Chemist,98.08,4499
470,Merrily,medged1@dailymotion.com,Female,Food Chemist,85.45,6645
471,Felipe,fvarahd2@intel.com,Male,Cost Accountant,35.35,9495
472,Antonino,acamisd3@ox.ac.uk,Male,Electrical Engineer,31.46,7008
473,Portie,pmasdingd4@dot.gov,Male,Safety Technician I,91.88,5035
474,Angus,adzenisenkad5@theglobeandmail.com,Male,Information Systems Manager,78.45,5010
475,Vanda,vborsid6@w3.org,Female,Graphic Designer,99.07,3002
476,Leslie,lmcpaked7@phoca.cz,Female,Systems Administrator III,49.91,87
477,Billi,bbaretted8@un.org,Female,Help Desk Operator,34.88,1743
478,Guinna,geshd9@smh.com.au,Female,Project Manager,93.78,9450
479,Barnebas,btrimmingda@hp.com,Male,Budget/Accounting Analyst II,45.62,7074
480,Tommi,tkalewedb@dagondesign.com,Female,Data Coordiator,8.26,1636
481,Bevin,bbaldendc@edublogs.org,Male,Structural Engineer,5.2,7776
482,Dulsea,dpurdiedd@aboutads.info,Female,Librarian,55.31,13
483,Nadeen,nsperskide@japanpost.jp,Female,Speech Pathologist,96.25,4211
484,Emylee,equillinanedf@vk.com,Female,Staff Scientist,85.18,2904
485,Ewen,eosheerynedg@sun.com,Male,Chief Design Engineer,6.64,2263
486,Vivi,vfeveryeardh@indiatimes.com,Female,Quality Control Specialist,19.41,5788
487,Audy,acleredi@goo.ne.jp,Female,Systems Administrator IV,41.58,9495
488,Wade,wvindendj@cargocollective.com,Male,Graphic Designer,94.95,6947
489,Kristina,kfaussetdk@discovery.com,Female,Social Worker,43.95,440
490,Dagmar,dpiggottdl@google.fr,Female,GIS Technical Architect,95.33,2153
491,Hastie,hhakeworthdm@mit.edu,Male,Chemical Engineer,37.69,2624
492,Bambi,btrimmilldn@plala.or.jp,Female,Analog Circuit Design manager,82.31,6794
493,Robinia,rburgesdo@washington.edu,Female,Accounting Assistant I,19.51,9553
494,Derward,dmartondp@columbia.edu,Male,Assistant Media Planner,88.35,5695
495,Yves,ymatterfacedq@pbs.org,Male,Executive Secretary,53.67,2939
496,Kennedy,kmclaffertydr@ustream.tv,Male,Assistant Media Planner,45.5,2476
497,Rickie,rpedderds@lulu.com,Male,Systems Administrator IV,25.17,7365
498,Nevin,ndeverdt@yolasite.com,Male,Legal Assistant,24.0,8482
499,Maryanne,mhazeldu@bloomberg.com,Female,Senior Quality Engineer,98.13,9333
500,Cecilia,craphaeldv@usgs.gov,Female,VP Accounting,99.79,9443
501,Randa,rdeighandw@clickbank.net,Female,Nurse,74.41,6042
502,Nikola,nmacdiarmonddx@unicef.org,Male,Pharmacist,38.14,6932
503,Aimee,abrixeydy@github.io,Female,Executive Secretary,63.05,6221
504,Marcelline,mkeddydz@arizona.edu,Female,Payment Adjustment Coordinator,12.21,3851
505,Daryl,dbirdseye0@redcross.org,Male,Community Outreach Specialist,56.78,6912
506,Johnnie,jstarkingse1@usatoday.com,Male,Account Executive,23.91,3265
507,Nikkie,nmacroriee2@google.com.au,Female,Business Systems Development Analyst,25.62,7987
508,Sherwynd,sdownagee3@google.ru,Male,Desktop Support Technician,50.58,6123
509,Shelby,sullocke4@ebay.co.uk,Female,Senior Cost Accountant,36.88,5454
510,Leigh,lredhillse5@apache.org,Female,Web Developer I,37.02,5307
511,Bili,bhurlstone6@chron.com,Female,Financial Analyst,92.17,487
512,Iain,ileavolde7@kickstarter.com,Male,Developer I,19.55,9261
513,Sidnee,sgianellie8@liveinternet.ru,Male,Staff Accountant IV,16.23,7612
514,Howie,hspurdlee9@bloglines.com,Male,Administrative Officer,47.24,5628
515,Giavani,givanikovea@cloudflare.com,Male,Analog Circuit Design manager,16.15,8338
516,Reagan,rwhiffeneb@economist.com,Male,Assistant Manager,47.57,3923
517,Lorne,lscraseec@europa.eu,Male,Structural Engineer,39.29,4492
518,Tatum,tridgwayed@mozilla.com,Female,Information Systems Manager,97.85,9588
519,Tuck,tjobinee@infoseek.co.jp,Male,Research Assistant II,26.93,6490
520,Marietta,maikenheadef@blogtalkradio.com,Female,Associate Professor,23.87,6662
521,Mariel,mribboneg@vistaprint.com,Female,Director of Sales,37.77,4828
522,Ephrem,eblankenshipeh@amazon.co.jp,Male,Community Outreach Specialist,69.46,3777
523,Trstram,twatsonei@discovery.com,Male,Sales Representative,91.46,2821
524,Farra,fchatbandej@zdnet.com,Female,Electrical Engineer,34.64,816
525,Terrell,tbarteletek@state.tx.us,Male,Analog Circuit Design manager,92.74,7676
526,Jakob,jscrammageel@rambler.ru,Male,Compensation Analyst,76.98,6917
527,Tallie,tduigedem@rakuten.co.jp,Female,Software Test Engineer IV,4.84,4904
528,Alvis,acanningsen@reuters.com,Male,Speech Pathologist,50.48,6516
529,Amaleta,aomrodeo@ihg.com,Female,Media Manager II,29.77,1918
530,Sianna,sloweyep@xrea.com,Female,Project Manager,99.0,5777
531,Christie,ccargeneq@dyndns.org,Female,Systems Administrator III,78.84,1709
532,Ferdie,ftampioner@skype.com,Male,Senior Editor,74.61,2560
533,Stormie,swestones@salon.com,Female,Structural Engineer,98.59,358
534,Rebe,rahrenset@canalblog.com,Female,Chief Design Engineer,38.17,9058
535,Claiborne,cvernoneu@house.gov,Male,Director of Sales,60.36,7010
536,Wynn,wtschierseev@xing.com,Male,Assistant Media Planner,98.02,4403
537,Layton,lchallisew@digg.com,Male,Human Resources Manager,12.76,4120
538,Fons,fjothamex@kickstarter.com,Male,Junior Executive,12.98,8244
539,Torie,tantoniakey@wisc.edu,Female,Design Engineer,92.2,2375
540,Alphard,aganeez@msn.com,Male,Business Systems Development Analyst,18.94,3996
541,Broderic,bkirsoppf0@amazon.co.jp,Male,Environmental Specialist,86.24,8612
542,Sadella,snewtonf1@usatoday.com,Female,Nurse Practicioner,6.31,2384
543,Lucie,lbrahamsf2@over-blog.com,Female,Payment Adjustment Coordinator,83.99,921
544,Aileen,adaynef3@google.cn,Female,VP Marketing,19.61,7829
545,Jarrid,jscawenf4@acquirethisname.com,Male,Recruiting Manager,10.42,5175
546,Candis,caltreef5@scribd.com,Female,Teacher,19.58,5449
547,Poppy,pdurstonf6@altervista.org,Female,Senior Editor,38.97,8400
548,Ethelind,ejedrychf7@bigcartel.com,Female,Structural Analysis Engineer,39.76,6114
549,Katha,kluipoldf8@fda.gov,Female,Food Chemist,85.59,9634
550,Eolande,edallonf9@slate.com,Female,Paralegal,44.99,3813
551,Marillin,mjojicfa@prlog.org,Female,Payment Adjustment Coordinator,60.04,210
552,Aleece,adounbarefb@hostgator.com,Female,Human Resources Manager,22.17,1427
553,Mendel,mhucklebyfc@clickbank.net,Male,Staff Scientist,53.71,8503
554,Joey,jeyesfd@imdb.com,Male,VP Marketing,70.33,4883
555,Emmott,egabbotfe@wsj.com,Male,Business Systems Development Analyst,66.22,6416
556,Janene,jmelloiff@ycombinator.com,Female,Programmer Analyst IV,69.28,1124
557,Gwenneth,gcahanifg@dropbox.com,Female,Librarian,44.52,4696
558,Jenny,jnunneryfh@indiegogo.com,Female,Executive Secretary,38.66,1577
559,Elvis,ewookeyfi@abc.net.au,Male,Geologist II,11.19,3202
560,Marianne,mtoweyfj@washingtonpost.com,Female,Administrative Officer,96.03,8093
561,Elden,enoefk@mozilla.com,Male,Electrical Engineer,91.49,9109
562,Rockey,rsynnottfl@fema.gov,Male,Research Associate,50.74,680
563,Christoforo,cbartalinfm@mashable.com,Male,Teacher,87.66,1730
564,Guthrey,gfishleyfn@ucoz.ru,Male,Business Systems Development Analyst,28.12,4836
565,Asher,awinnettfo@hatena.ne.jp,Male,Electrical Engineer,7.81,234
566,Bernetta,bsouthernsfp@webnode.com,Female,Financial Advisor,90.12,8440
567,Lauren,llapennafq@wired.com,Male,Health Coach III,45.37,7903
568,Burnaby,bmattesfr@census.gov,Male,Quality Engineer,31.36,7208
569,Wayne,wsteuartfs@sfgate.com,Male,Staff Accountant III,42.99,1168
570,Codi,cstampferft@craigslist.org,Male,VP Quality Control,68.35,8100
571,Hynda,hcoverdalefu@dropbox.com,Female,Business Systems Development Analyst,67.52,9920
572,Beverie,bchisolmfv@google.ca,Female,Programmer Analyst IV,35.31,6898
573,Erin,egreenhillfw@thetimes.co.uk,Female,Engineer II,99.27,8933
574,Monro,mhawyesfx@macromedia.com,Male,Teacher,46.06,8603
575,Hayley,hlyptrattfy@ft.com,Female,Accountant I,36.06,7626
576,Susi,sairsfz@yale.edu,Female,Senior Sales Associate,5.07,4753
577,Thaine,triddelg0@java.com,Male,Accounting Assistant III,40.08,1267
578,Kimberley,kmillierg1@indiatimes.com,Female,Operator,22.32,2015
579,Richy,rbrillg2@mayoclinic.com,Male,Structural Analysis Engineer,16.96,8625
580,Marya,mashwing3@amazon.co.jp,Female,Physical Therapy Assistant,18.26,4857
581,Sammy,shyamsg4@goo.ne.jp,Female,Budget/Accounting Analyst IV,68.1,7143
582,Alexi,awhitehallg5@slate.com,Female,Senior Cost Accountant,59.41,9961
583,Martguerita,mmiliffeg6@sun.com,Female,Civil Engineer,17.09,6467
584,Ellerey,egordgeg7@gov.uk,Male,Software Engineer IV,75.29,8941
585,Constantine,cyoskowitzg8@hostgator.com,Female,Assistant Media Planner,62.03,2018
586,Frannie,fhumerstoneg9@tuttocitta.it,Female,Human Resources Manager,83.63,6784
587,Nikolia,nhucksterga@google.ru,Female,Assistant Professor,75.92,3986
588,Aurelea,adurandgb@mayoclinic.com,Female,Administrative Assistant II,73.51,5894
589,Leslie,lbuxygc@live.com,Male,Director of Sales,24.37,1811
590,Marcos,mhoytgd@example.com,Male,Associate Professor,28.65,9995
591,Cristiano,clangerge@devhub.com,Male,Legal Assistant,24.76,451
592,Alfonse,akleeborngf@mozilla.com,Male,Developer I,37.64,544
593,Norris,nenderlegg@symantec.com,Male,Nurse Practicioner,48.85,1123
594,Hayley,hgoodgegh@squidoo.com,Female,VP Quality Control,8.9,6456
595,Bunnie,bkumargi@dot.gov,Female,Accountant II,20.34,6186
596,Ario,apolackgj@tuttocitta.it,Male,Recruiter,9.21,412
597,Thebault,tcollobygk@ucsd.edu,Male,Safety Technician III,81.61,6320
598,Dodi,dyappgl@eventbrite.com,Female,VP Accounting,52.12,2701
599,Thaddeus,trolstonegm@mayoclinic.com,Male,Quality Engineer,1.36,3516
600,Dani,deeftinggn@nifty.com,Female,VP Sales,77.99,5802
601,Allyson,apiddingtongo@fastcompany.com,Female,Product Engineer,39.17,7836
602,Jacques,jbamburygp@t.co,Male,Account Executive,62.84,2092
603,Marrilee,mbrayleygq@networkadvertising.org,Female,Account Coordinator,93.42,4915
604,Polly,pgorhardtgr@bizjournals.com,Female,Civil Engineer,25.01,1139
605,Elinor,eboydags@uiuc.edu,Female,Assistant Media Planner,29.97,2734
606,Myranda,mbraunsgt@elpais.com,Female,Accounting Assistant III,22.49,4337
607,Thekla,tdulantygu@ca.gov,Female,Senior Editor,85.39,6919
608,Darlleen,dchinnerygv@nih.gov,Female,Payment Adjustment Coordinator,49.59,5973
609,Gram,gvailgw@webmd.com,Male,Environmental Tech,61.36,9999
610,Brigham,bbrannigangx@rakuten.co.jp,Male,Actuary,49.9,8887
611,Eddy,ethridgouldgy@accuweather.com,Female,Marketing Manager,9.26,385
612,Glenn,glampetgz@timesonline.co.uk,Male,Financial Advisor,79.6,4559
613,Conant,cebornh0@businesswire.com,Male,Financial Advisor,42.97,890
614,Twyla,tnarish1@ning.com,Female,Product Engineer,43.66,9475
615,Michaella,mcrowsonh2@desdev.cn,Female,VP Sales,92.15,5546
616,Therine,tgrevatth3@squidoo.com,Female,Media Manager II,97.25,3494
617,Dasya,diorilloh4@w3.org,Female,Office Assistant I,45.54,8957
618,Kenny,kallitth5@cbsnews.com,Male,Automation Specialist IV,92.75,6053
619,Libbi,lpachh6@newyorker.com,Female,Account Coordinator,75.12,6509
620,Sanderson,slardinerh7@youtu.be,Male,Information Systems Manager,35.86,8803
621,Tedd,tmargretth8@cpanel.net,Male,Internal Auditor,2.57,4009
622,Eve,epostansh9@bigcartel.com,Female,Graphic Designer,77.18,9852
623,Cchaddie,cshawcroftha@geocities.jp,Male,Financial Advisor,6.21,7641
624,Nikkie,ngraysonhb@mashable.com,Female,Senior Developer,81.81,3456
625,Modestia,mvlasenkovhc@51.la,Female,Speech Pathologist,36.62,784
626,Felix,fpietrowiczhd@ted.com,Male,VP Marketing,56.78,712
627,Clio,ccahillhe@harvard.edu,Female,Quality Control Specialist,83.11,3028
628,Bastien,bmcmurrayhf@biblegateway.com,Male,Legal Assistant,67.97,3866
629,Jesse,jknightsbridgehg@nature.com,Female,Nurse Practicioner,23.9,6692
630,Weider,wcassleyhh@a8.net,Male,Technical Writer,95.82,2385
631,Kellsie,kadkinshi@ocn.ne.jp,Female,Design Engineer,49.64,59
632,Hewie,hwristhj@wiley.com,Male,Data Coordiator,23.58,8455
633,Magdalen,mjollandhk@hao123.com,Female,Pharmacist,70.31,4242
634,Kimberlyn,kardyhl@sbwire.com,Female,Product Engineer,87.39,6081
635,Naomi,nsamberhm@jugem.jp,Female,Safety Technician II,21.58,4291
636,Consolata,cbowarthn@opensource.org,Female,Media Manager I,82.11,7192
637,Agosto,akegginsho@taobao.com,Male,Web Designer III,93.85,4764
638,Candy,cinetthp@stumbleupon.com,Female,VP Marketing,6.38,8710
639,Brion,bdjakovichq@gravatar.com,Male,Paralegal,19.59,8214
640,Mildrid,mklimovhr@eventbrite.com,Female,Budget/Accounting Analyst III,8.07,9861
641,Farra,fduckerhs@cam.ac.uk,Female,Occupational Therapist,74.68,5505
642,Fraser,farmitageht@telegraph.co.uk,Male,Social Worker,59.29,3164
643,Skippy,sjointhu@bloglovin.com,Male,Community Outreach Specialist,59.56,8501
644,Letitia,lmcarthurhv@sphinn.com,Female,Research Associate,42.42,5856
645,Kaye,kprovesthw@nasa.gov,Female,Administrative Officer,78.15,7617
646,Alverta,aheersemahx@adobe.com,Female,Research Associate,53.1,2347
647,Douglas,dbinghy@g.co,Male,GIS Technical Architect,2.09,133
648,Chrysa,codonoghuehz@ebay.com,Female,Social Worker,99.06,336
649,Rees,rshotboulti0@ask.com,Male,Assistant Professor,66.49,6226
650,Gustave,gbaszniaki1@bluehost.com,Male,VP Marketing,44.5,8138
651,Goldi,gswaitei2@bbb.org,Female,Assistant Media Planner,6.28,2913
652,Aldis,aaharonii3@over-blog.com,Male,Account Executive,34.39,4551
653,Rickert,ralsfordi4@xrea.com,Male,Registered Nurse,91.66,5003
654,Reinold,rwalteringi5@mtv.com,Male,Geologist II,55.73,8883
655,Ravid,roscandalli6@technorati.com,Male,Junior Executive,48.24,4148
656,Ariana,aspaini7@pen.io,Female,Electrical Engineer,80.09,3959
657,Vonny,vpendrichi8@hubpages.com,Female,Civil Engineer,46.87,811
658,Braden,bphilipi9@upenn.edu,Male,Office Assistant I,14.86,8401
659,Brandon,bhewkinia@ucoz.com,Male,Junior Executive,44.53,3677
660,Tiffie,twassib@sbwire.com,Female,Social Worker,98.82,8788
661,Donni,ddeantoniic@themeforest.net,Female,Physical Therapy Assistant,18.43,347
662,Thorstein,tgoosnellid@sogou.com,Male,Actuary,30.73,6126
663,Mickie,mdalesioie@free.fr,Male,Internal Auditor,20.09,4653
664,Barbie,btallantif@ebay.com,Female,Community Outreach Specialist,43.26,7784
665,Chantal,clahrsig@nymag.com,Female,Safety Technician I,35.8,5050
666,Adorne,amcavaddyih@redcross.org,Female,Geological Engineer,59.41,6517
667,Walden,wgainorii@ustream.tv,Male,Marketing Manager,79.58,8187
668,Aidan,atenbrugij@printfriendly.com,Female,Budget/Accounting Analyst I,35.57,9939
669,Janis,jrizziik@bloglines.com,Female,Software Test Engineer I,98.23,5156
670,Celinda,cfunnellil@theguardian.com,Female,Teacher,71.17,1699
671,Dianne,drennelsim@narod.ru,Female,Marketing Assistant,16.55,5550
672,Hazlett,hgilluleyin@macromedia.com,Male,Paralegal,72.62,4482
673,Sal,senderwickio@paginegialle.it,Female,Geological Engineer,68.09,6878
674,Jocelin,jstemsonip@ebay.com,Female,Accounting Assistant III,63.23,563
675,Brandyn,bloncasteriq@sogou.com,Male,Assistant Media Planner,80.48,1686
676,Roderigo,rpennicardir@ow.ly,Male,Senior Cost Accountant,95.03,9663
677,Aubert,aadamovis@ftc.gov,Male,Internal Auditor,48.46,9456
678,Evelin,edatit@ustream.tv,Male,Health Coach I,82.89,904
679,Kamillah,kcrushamiu@java.com,Female,Professor,26.27,6141
680,Steffie,steaselliv@oakley.com,Female,Media Manager II,28.34,5347
681,Dari,dmattsiw@baidu.com,Female,Executive Secretary,63.86,3745
682,Maurise,mdowneyix@washingtonpost.com,Male,Senior Cost Accountant,91.28,3656
683,Gordan,gcarlettiiy@hubpages.com,Male,Occupational Therapist,17.83,651
684,Suki,smapholmiz@loc.gov,Female,Assistant Manager,86.87,5484
685,Leupold,llakerj0@bbb.org,Male,Systems Administrator I,33.89,7561
686,Derick,ddaccaj1@telegraph.co.uk,Male,Administrative Officer,31.41,2779
687,Corey,ceklessj2@a8.net,Male,Product Engineer,58.42,8590
688,Isadora,isnalumj3@alexa.com,Female,Account Representative I,75.83,4321
689,Silvan,sfossordj4@buzzfeed.com,Male,Marketing Assistant,22.24,1616
690,Poul,psavilj5@addthis.com,Male,Research Assistant II,52.77,854
691,Arne,ameeronj6@goo.ne.jp,Male,Legal Assistant,90.28,6413
692,Ezequiel,ebavisterj7@icq.com,Male,General Manager,74.83,2981
693,Lira,lrizzelloj8@blogtalkradio.com,Female,Assistant Professor,69.63,3056
694,Shirlee,sheitzj9@whitehouse.gov,Female,Help Desk Technician,59.78,4785
695,Murray,mcovottija@ning.com,Male,Civil Engineer,93.96,1373
696,Ginger,gagutterjb@yahoo.com,Female,Programmer II,55.67,3934
697,Cara,cjakucewiczjc@opensource.org,Female,Research Nurse,31.77,3611
698,Caty,cbertramjd@economist.com,Female,Librarian,1.7,8693
699,Karisa,kgraverje@ezinearticles.com,Female,Assistant Professor,57.33,4541
700,Suzanne,sshacklefordjf@adobe.com,Female,Director of Sales,44.51,3748
701,Johann,jandresjg@t.co,Male,Web Designer II,76.93,1846
702,Ignace,ibendarejh@theatlantic.com,Male,Paralegal,57.92,5900
703,Ricki,rbrothersji@gmpg.org,Female,Research Associate,13.73,7299
704,Dasi,drockjj@intel.com,Female,Administrative Assistant II,95.03,8111
705,Horten,hpadefieldjk@amazonaws.com,Male,Programmer Analyst I,96.02,1820
706,Ringo,rlaurencejl@bizjournals.com,Male,Senior Sales Associate,5.18,8644
707,Farr,fbrittanjm@fda.gov,Male,Health Coach IV,62.17,743
708,Zebulen,zmccawleyjn@icq.com,Male,Editor,65.03,2527
709,Diego,demmetjo@shop-pro.jp,Male,Financial Advisor,60.35,7093
710,Nisse,nbradfieldjp@fema.gov,Female,Sales Representative,51.99,7775
711,Staffard,sdolligonjq@un.org,Male,Compensation Analyst,1.21,5088
712,Vaclav,vbortolomeijr@usa.gov,Male,Environmental Specialist,44.38,8713
713,Audrye,abryantjs@sun.com,Female,Assistant Professor,11.05,4519
714,Marita,mstrowlgerjt@google.ca,Female,Programmer Analyst IV,39.74,5204
715,Suki,syesininju@hibu.com,Female,Food Chemist,53.24,5757
716,Tanhya,tpuigjv@fc2.com,Female,Paralegal,22.48,4811
717,Melisse,massonjw@slideshare.net,Female,Account Coordinator,30.24,6814
718,Mac,mmacaleesjx@sciencedirect.com,Male,Payment Adjustment Coordinator,90.18,7732
719,Nickie,nbornjy@goo.gl,Male,Sales Representative,48.8,9950
720,Roana,rmuglestonejz@comcast.net,Female,Occupational Therapist,80.34,9764
721,Nikki,npitmank0@list-manage.com,Male,Financial Analyst,41.53,391
722,Rubetta,rentwhistlek1@purevolume.com,Female,Legal Assistant,86.72,5953
723,Lavinia,lsollamk2@shareasale.com,Female,VP Marketing,67.2,9528
724,Sebastiano,saubrayk3@ed.gov,Male,Pharmacist,9.96,1196
725,Lurline,locloneyk4@addtoany.com,Female,VP Accounting,50.66,2439
726,Gretta,gfiddyk5@timesonline.co.uk,Female,Clinical Specialist,17.42,227
727,Eugenius,eraschk6@webmd.com,Male,Web Developer III,90.2,1628
728,Con,cpaolinik7@abc.net.au,Female,Geologist IV,30.9,5571
729,Alanah,atitherk8@go.com,Female,Electrical Engineer,35.7,8298
730,Jacquette,jdobblek9@ed.gov,Female,Clinical Specialist,58.57,8913
731,Taite,tcislandka@wikimedia.org,Male,Office Assistant II,54.29,2109
732,Angie,apurrykb@printfriendly.com,Male,Clinical Specialist,92.2,1506
733,Andrei,asammonskc@posterous.com,Female,Software Consultant,75.41,8290
734,Bryna,bkopeckakd@twitpic.com,Female,Product Engineer,96.47,9835
735,Rollo,rdymockke@webmd.com,Male,Budget/Accounting Analyst II,56.0,2659
736,Adi,adeathkf@wired.com,Female,Environmental Tech,96.48,4175
737,Nathanael,nrosevearekg@howstuffworks.com,Male,Marketing Assistant,85.22,1171
738,Nessy,ntookeykh@sogou.com,Female,Social Worker,41.14,9488
739,Salomon,sharbarki@amazon.com,Male,Technical Writer,67.04,8926
740,Lem,lleirmonthkj@yale.edu,Male,Geologist I,61.91,6456
741,Danyelle,dpignykk@wsj.com,Female,Senior Editor,50.78,4780
742,Leslie,lmoycekl@icio.us,Female,Recruiting Manager,78.24,1817
743,Coleman,clohdenkm@tinyurl.com,Male,Operator,86.54,2690
744,Gerianne,gcoogankn@netscape.com,Female,Programmer I,24.74,1273
745,Norrie,nmaccraeko@yellowbook.com,Male,Web Developer IV,92.89,5774
746,Garrott,ggawthorpekp@cnbc.com,Male,Marketing Assistant,33.16,191
747,Adrienne,aharefootkq@csmonitor.com,Female,Social Worker,1.01,3412
748,Sabine,sslaightkr@bing.com,Female,Staff Scientist,70.87,6418
749,Crissie,cchoppingks@archive.org,Female,Account Executive,27.33,6313
750,Della,dpapenkt@sina.com.cn,Female,Safety Technician I,78.65,7823
751,Mose,mbickleyku@google.com.hk,Male,Food Chemist,22.24,5462
752,Faina,fbelseykv@simplemachines.org,Female,Accounting Assistant II,74.48,9213
753,Kristoforo,kbinyonkw@barnesandnoble.com,Male,Dental Hygienist,54.98,9482
754,Corty,cocrowleykx@irs.gov,Male,Accountant IV,36.01,9269
755,Evie,ecaudwellky@google.es,Female,Account Representative III,18.79,7489
756,Fraser,fgunthorpekz@cdc.gov,Male,Electrical Engineer,81.59,1352
757,Gard,ggoodbarnel0@icio.us,Male,Engineer I,58.64,6281
758,Austen,agrimmertl1@blogger.com,Male,Chief Design Engineer,46.47,3246
759,Linn,lpurchesl2@is.gd,Male,Technical Writer,20.18,4074
760,Ethelind,ehearonl3@economist.com,Female,Business Systems Development Analyst,67.62,5365
761,Hilton,hfessierl4@mapy.cz,Male,Programmer IV,26.21,5259
762,Tulley,tkunischl5@umn.edu,Male,Structural Analysis Engineer,40.27,2329
763,Peirce,pconmanl6@technorati.com,Male,Environmental Tech,33.41,7872
764,Zulema,zbythewayl7@ucoz.com,Female,Editor,26.05,8512
765,Jessa,jobroganl8@com.com,Female,Financial Analyst,74.65,3500
766,Traci,ttatchelll9@eepurl.com,Female,Office Assistant III,13.0,3546
767,Nesta,nwhilela@gmpg.org,Female,Software Consultant,2.14,7230
768,Misti,mhorleylb@bloomberg.com,Female,Quality Engineer,74.93,1616
769,Kaiser,ksarfasslc@ehow.com,Male,Clinical Specialist,94.56,2362
770,Amelie,agaymarld@miibeian.gov.cn,Female,Senior Developer,54.99,9054
771,Johan,jjouanotle@reuters.com,Male,Recruiter,30.98,3173
772,Pepillo,pcaldarolf@rakuten.co.jp,Male,Assistant Media Planner,98.03,4414
773,Chelsea,cfebenlg@1und1.de,Female,Senior Editor,71.97,268
774,Celle,cmcclaylh@google.nl,Female,Sales Representative,18.91,6299
775,Fairfax,fbaldreeli@pagesperso-orange.fr,Male,Structural Analysis Engineer,43.88,1836
776,Estrella,esterleylj@nature.com,Female,Pharmacist,45.58,9281
777,Angelita,awlochlk@earthlink.net,Female,Nurse,54.16,3847
778,Flossie,fbrieretonll@technorati.com,Female,VP Quality Control,64.48,1073
779,Augustin,abilleslm@narod.ru,Male,Budget/Accounting Analyst IV,67.74,1944
780,Eric,educkln@yandex.ru,Male,Structural Engineer,5.89,4127
781,Kristian,kstitlo@skyrock.com,Male,Physical Therapy Assistant,4.06,8117
782,Wright,wsetterfieldlp@infoseek.co.jp,Male,Nuclear Power Engineer,88.07,5621
783,Marcello,mancliffelq@usnews.com,Male,Senior Developer,68.75,3020
784,Sheela,smoulsonlr@ezinearticles.com,Female,Environmental Tech,43.52,7833
785,Sonnnie,sfulkerls@bloglines.com,Female,Senior Sales Associate,16.99,1600
786,Esdras,echantreelt@vinaora.com,Male,Recruiting Manager,51.07,1091
787,Aubrey,afermingerlu@i2i.jp,Male,Biostatistician I,5.43,1053
788,Jeramey,jfellgattlv@xing.com,Male,Staff Accountant II,4.01,2145
789,Ruthi,rhuorticlw@so-net.ne.jp,Female,Editor,73.83,4959
790,Findley,fcostellowlx@pinterest.com,Male,Assistant Media Planner,54.32,77
791,Olga,oglisenanly@joomla.org,Female,VP Quality Control,75.14,6383
792,Olivia,osummerlylz@uiuc.edu,Female,Safety Technician II,86.57,406
793,Harbert,hwaliszewskim0@over-blog.com,Male,Database Administrator IV,68.5,9670
794,Xylina,xfiennesm1@youtu.be,Female,Statistician I,47.35,9699
795,Kasper,kbrandinom2@google.it,Male,Engineer IV,58.1,2581
796,Sada,stremathackm3@ihg.com,Female,Operator,12.28,9923
797,Blondy,bharbottlem4@comcast.net,Female,Data Coordiator,59.71,6628
798,Karol,kpoulettm5@squidoo.com,Female,Help Desk Technician,2.05,4904
799,Saudra,shabardm6@flavors.me,Female,Marketing Manager,44.46,2948
800,Valentin,vpulestonm7@xinhuanet.com,Male,Web Designer III,32.13,3242
801,Cherise,csextonem8@redcross.org,Female,Administrative Assistant I,71.04,1336
802,Marlow,mchicchettom9@ask.com,Male,Office Assistant IV,78.92,7496
803,Kimberlee,kpackingtonma@utexas.edu,Female,VP Marketing,98.61,2066
804,Brandise,bashemb@google.nl,Female,Social Worker,28.26,4143
805,Conant,cvearemc@wp.com,Male,Human Resources Assistant III,81.17,1957
806,Virginia,vknowlesmd@dell.com,Female,Staff Accountant II,74.95,6133
807,Levin,lstiggerme@drupal.org,Male,General Manager,74.14,7025
808,Frayda,flaitymf@google.fr,Female,Project Manager,41.49,480
809,Brianne,bgunneymg@accuweather.com,Female,Analyst Programmer,42.46,1578
810,Adena,ahalmmh@digg.com,Female,Teacher,14.84,6276
811,Adaline,alanawaymi@psu.edu,Female,Environmental Specialist,4.49,3404
812,Wat,wreveningmj@dyndns.org,Male,Software Consultant,83.9,1728
813,Stewart,sdigiacomomk@nih.gov,Male,VP Marketing,10.78,3924
814,Maxy,mstalfml@purevolume.com,Male,Biostatistician I,81.9,554
815,Thaddus,tmosdillmm@php.net,Male,Engineer II,48.7,4617
816,Hildegaard,hcostanmn@globo.com,Female,Sales Representative,88.93,1298
817,Findlay,flepruvostmo@delicious.com,Male,Staff Accountant IV,20.72,784
818,Gusty,gboritmp@samsung.com,Female,Automation Specialist IV,53.4,1045
819,Lydia,lorganermq@yelp.com,Female,Civil Engineer,68.58,5375
820,Pace,pdallynmr@acquirethisname.com,Male,Senior Sales Associate,25.12,57
821,Clevey,crussenms@mysql.com,Male,Account Coordinator,32.35,9579
822,Alard,ayegorshinmt@cdc.gov,Male,General Manager,39.7,7307
823,Wakefield,wiremongermu@pen.io,Male,Environmental Tech,65.16,8815
824,Shell,smackissackmv@cpanel.net,Female,Software Test Engineer I,80.74,6931
825,Pincas,pheinkemw@google.nl,Male,Web Designer IV,74.65,4305
826,Morris,mfakemx@blogtalkradio.com,Male,Analog Circuit Design manager,41.61,6621
827,Katinka,kshowlmy@amazon.co.uk,Female,Media Manager II,49.96,6182
828,Pace,pvitallmz@yolasite.com,Male,Financial Advisor,72.47,9645
829,Calvin,cmacklinn0@opera.com,Male,Marketing Assistant,59.08,8245
830,Olly,ofarncombn1@yale.edu,Male,Business Systems Development Analyst,94.39,7502
831,Fremont,fmarten2@rakuten.co.jp,Male,Tax Accountant,13.29,6335
832,Joaquin,jatrilln3@yahoo.com,Male,Recruiter,78.19,5993
833,Geordie,gdoegn4@nymag.com,Male,Quality Control Specialist,74.3,1186
834,Ty,twhetnalln5@chronoengine.com,Male,Web Developer III,54.19,3301
835,Minette,maizicn6@sphinn.com,Female,Cost Accountant,38.68,8895
836,Esme,elethlayn7@1688.com,Male,Safety Technician I,11.87,3413
837,Woody,wbarteletn8@auda.org.au,Male,Senior Developer,81.87,5693
838,Nappy,niansonn9@cloudflare.com,Male,Nuclear Power Engineer,61.87,3074
839,Sanders,svogelerna@nymag.com,Male,Nurse,15.01,185
840,Marco,mderriconb@microsoft.com,Male,VP Sales,84.17,7974
841,Morrie,mwyonnc@guardian.co.uk,Male,Compensation Analyst,58.94,2535
842,Reagan,rajamnd@dyndns.org,Male,VP Quality Control,27.36,8636
843,Sammie,sfenderne@shop-pro.jp,Male,Administrative Officer,23.33,9266
844,Hogan,hhawtreynf@hubpages.com,Male,Research Nurse,93.51,6551
845,Culver,chinksenng@cdbaby.com,Male,Operator,21.11,9668
846,Deeann,dsimoneschinh@ox.ac.uk,Female,Nurse,24.22,1084
847,Mikol,mflitcroftni@goo.gl,Male,Assistant Professor,77.08,7015
848,Codee,cgolbournnj@globo.com,Female,Accountant II,60.25,205
849,Randolf,rprysnk@mapquest.com,Male,Staff Scientist,16.55,273
850,Lura,lfleemannl@slideshare.net,Female,Professor,80.91,8194
851,Ingamar,isofenm@miitbeian.gov.cn,Male,VP Quality Control,65.54,3196
852,Floris,flappingnn@vinaora.com,Female,GIS Technical Architect,56.25,5877
853,Wilone,wmordyno@sbwire.com,Female,Senior Developer,49.84,7481
854,Linea,lbraggintonnp@bloomberg.com,Female,Software Test Engineer III,54.6,7751
855,Siegfried,syantsevnq@hp.com,Male,Technical Writer,33.37,692
856,Bennett,bcrightonnr@naver.com,Male,Engineer II,69.88,9358
857,Parry,pbleasens@geocities.jp,Male,Financial Advisor,65.8,2193
858,Gigi,gmckellochnt@ebay.com,Female,Sales Associate,93.61,8085
859,Harbert,hjanochnu@cdc.gov,Male,Civil Engineer,71.8,8466
860,Kristen,keplatenv@goo.ne.jp,Female,Research Nurse,13.44,4347
861,Wendell,wjonasnw@youtube.com,Male,General Manager,78.38,4887
862,Maurizio,mskipseanx@oaic.gov.au,Male,Paralegal,27.88,676
863,Neilla,nlovstromny@yellowpages.com,Female,Staff Scientist,81.27,7481
864,Emmerich,ecakebreadnz@woothemes.com,Male,Administrative Officer,53.13,6254
865,Morry,mmckellaro0@cisco.com,Male,Structural Analysis Engineer,87.98,3910
866,Aline,apresswello1@digg.com,Female,GIS Technical Architect,87.8,5164
867,Angeline,awolvero2@netlog.com,Female,Internal Auditor,36.36,1612
868,Shalne,sbalhamo3@tuttocitta.it,Female,Accounting Assistant III,21.23,3611
869,Mikael,mstrathdeeo4@fotki.com,Male,Junior Executive,97.08,8095
870,Caro,caberkirdoo5@hubpages.com,Female,Information Systems Manager,43.71,4714
871,Ysabel,yferridayo6@independent.co.uk,Female,Systems Administrator IV,10.59,2093
872,Ravi,rpinaro7@earthlink.net,Male,Professor,42.68,1942
873,Micky,mhiscokeo8@nytimes.com,Male,Software Consultant,72.57,3183
874,Bay,buttleyo9@shutterfly.com,Male,Database Administrator IV,62.97,5546
875,Forester,fjilkesoa@mit.edu,Male,Professor,77.55,166
876,Yehudit,yquayleob@surveymonkey.com,Male,Assistant Media Planner,44.19,1594
877,Bella,bmaddyoc@gravatar.com,Female,Web Designer III,94.7,738
878,Jourdain,jdalyod@earthlink.net,Male,Staff Scientist,28.8,7360
879,Hector,hglenfieldoe@omniture.com,Male,Engineer IV,58.87,3754
880,Torry,tocrottyof@miibeian.gov.cn,Male,Statistician I,85.09,7582
881,Karola,ksneezumog@mediafire.com,Female,Design Engineer,16.06,3034
882,Neall,npadberyoh@discuz.net,Male,Analyst Programmer,94.42,3661
883,Katie,klogesdaleoi@theglobeandmail.com,Female,Tax Accountant,25.23,6074
884,Mandel,mstoopoj@prlog.org,Male,Administrative Officer,15.75,3585
885,Betteanne,bshelpok@google.ca,Female,Recruiter,94.29,6512
886,Bessie,bpashbeeol@scribd.com,Female,Physical Therapy Assistant,62.27,4682
887,Malva,mimlinom@phoca.cz,Female,Recruiting Manager,14.77,4144
888,Maura,mgoligheron@cornell.edu,Female,Pharmacist,75.95,3915
889,Ursala,uroydonoo@is.gd,Female,Tax Accountant,94.29,4327
890,Wilton,wtorresop@sohu.com,Male,Accounting Assistant II,25.67,1834
891,Lorette,lboswardoq@prweb.com,Female,Legal Assistant,28.1,7155
892,Carma,cdethloffor@sfgate.com,Female,Physical Therapy Assistant,65.42,786
893,Claybourne,clouedeyos@yelp.com,Male,Office Assistant III,60.7,3516
894,Carolin,cmyfordot@hubpages.com,Female,Staff Scientist,9.02,1922
895,Roxana,rgollopou@marriott.com,Female,Nurse,17.42,5812
896,Evangelin,etydemanov@narod.ru,Female,Professor,69.63,2323
897,Fanni,fmaccoveneyow@histats.com,Female,Professor,40.8,9763
898,Dwayne,drableox@cnbc.com,Male,Biostatistician III,54.71,7858
899,Kylila,kmcgaughieoy@google.com.hk,Female,Analyst Programmer,28.41,6319
900,Raf,rmaileoz@springer.com,Female,Account Representative II,63.22,5281
901,Damiano,dkylesp0@spiegel.de,Male,General Manager,73.05,4699
902,Hilary,hdrysdallp1@hud.gov,Male,Research Assistant IV,37.04,6900
903,Jourdain,jcannanp2@opensource.org,Male,Administrative Assistant II,84.64,7383
904,Wandis,wstoreyp3@naver.com,Female,Structural Analysis Engineer,66.46,2059
905,Belle,bbarriep4@cnbc.com,Female,Help Desk Technician,69.0,4345
906,Malina,mbutterfintp5@delicious.com,Female,Technical Writer,36.21,5683
907,Alfonse,arossop6@npr.org,Male,Financial Analyst,43.18,6251
908,Kenyon,khoultp7@ihg.com,Male,General Manager,68.62,2617
909,Trista,thagstonp8@eventbrite.com,Female,Accounting Assistant III,65.45,2607
910,Leshia,lbroscombep9@de.vu,Female,Compensation Analyst,82.54,6202
911,Nial,nniezenpa@nytimes.com,Male,Design Engineer,44.2,4518
912,Gino,gbellanypb@arizona.edu,Male,Account Executive,47.62,9951
913,Annabel,aknowlerpc@huffingtonpost.com,Female,Speech Pathologist,94.46,3197
914,Calhoun,cburchesspd@blogs.com,Male,Compensation Analyst,67.39,3372
915,Dreddy,dbergstrandpe@sourceforge.net,Female,Compensation Analyst,20.06,4781
916,Griffin,gparringtonpf@google.es,Male,Analog Circuit Design manager,35.7,8454
917,Morley,mwigelsworthpg@phpbb.com,Male,Teacher,74.53,2311
918,Red,rphilbrookph@marketwatch.com,Male,Automation Specialist IV,7.93,7962
919,Dew,ddorneypi@squidoo.com,Male,Programmer III,13.14,899
920,Adolph,abampforthpj@guardian.co.uk,Male,Internal Auditor,36.71,3976
921,Buffy,bpadgettpk@springer.com,Female,Environmental Specialist,21.49,4735
922,Minda,mcrickmoorpl@xrea.com,Female,Assistant Manager,54.97,166
923,Nomi,nwasepm@usa.gov,Female,Tax Accountant,31.01,3803
924,Rosamund,rweatherburnpn@twitter.com,Female,Accounting Assistant III,81.81,3132
925,Nerty,nnolletpo@elegantthemes.com,Female,VP Product Management,86.57,9387
926,Gavan,gcamuspp@google.com,Male,Senior Quality Engineer,58.93,5313
927,Sheppard,sbardellpq@state.gov,Male,Help Desk Technician,62.06,9089
928,Yehudi,yneilandpr@hostgator.com,Male,VP Accounting,46.16,5913
929,Brandtr,bsutherleyps@blogspot.com,Male,VP Marketing,93.73,8844
930,Ethel,ebuxseypt@utexas.edu,Female,Software Engineer II,49.28,2457
931,Eirena,ecallispu@multiply.com,Female,Community Outreach Specialist,28.33,3656
932,Gustavus,gescalapv@sina.com.cn,Male,Marketing Manager,28.67,6327
933,Sheppard,shanrottpw@jigsy.com,Male,Clinical Specialist,54.61,223
934,Niko,nbraunsteinpx@icio.us,Male,Cost Accountant,95.76,5522
935,Cathyleen,cdelunapy@netscape.com,Female,Product Engineer,17.36,5829
936,Boonie,bsheridanpz@cocolog-nifty.com,Male,Accountant IV,84.55,3696
937,Kiley,kroyceq0@acquirethisname.com,Male,Assistant Media Planner,70.33,8841
938,Dominick,dcondyq1@studiopress.com,Male,Operator,9.79,6792
939,Lowrance,llincolnq2@live.com,Male,Community Outreach Specialist,91.36,7991
940,Brendin,bseysq3@reverbnation.com,Male,General Manager,49.63,2952
941,Quinta,qbyarsq4@w3.org,Female,Office Assistant I,91.27,2462
942,Donnamarie,dcastellaccioq5@woothemes.com,Female,Quality Control Specialist,77.22,1105
943,Vallie,vgilbardq6@cornell.edu,Female,Software Consultant,3.56,1078
944,Fiona,fhallmarkq7@vinaora.com,Female,Project Manager,55.71,6122
945,Anthiathia,awooldridgeq8@google.pl,Female,VP Accounting,81.44,9160
946,Humberto,hredwoodq9@spotify.com,Male,Account Executive,6.03,8520
947,Ashia,adaiceqa@noaa.gov,Female,Research Associate,3.97,251
948,Jerrie,jhannabyqb@bloomberg.com,Male,Engineer III,23.58,4480
949,Caroljean,ctownsqc@list-manage.com,Female,Health Coach III,20.18,861
950,Stacy,sgandleyqd@washingtonpost.com,Female,Sales Representative,14.08,9434
951,Land,lfreundqe@over-blog.com,Male,Product Engineer,80.76,3567
952,Teresa,tlinceyqf@i2i.jp,Female,Information Systems Manager,61.58,6063
953,Davine,dantonatqg@cisco.com,Female,Administrative Assistant I,29.71,7385
954,Joane,jlipscombeqh@ox.ac.uk,Female,Assistant Manager,90.15,8974
955,Adelle,amacgillespieqi@hibu.com,Female,Clinical Specialist,96.8,5802
956,Florette,fjarvieqj@mashable.com,Female,Marketing Assistant,83.71,15
957,Gaynor,gantoniewiczqk@yolasite.com,Female,Cost Accountant,45.09,3318
958,Eda,ebulchql@zimbio.com,Female,Developer I,76.17,4635
959,Zacharia,zshegogqm@berkeley.edu,Male,Senior Cost Accountant,94.9,4424
960,Marney,mwroathqn@drupal.org,Female,Safety Technician II,30.8,294
961,Trenna,tdoegqo@pagesperso-orange.fr,Female,Recruiting Manager,63.25,3648
962,Darbie,dbattailleqp@who.int,Female,General Manager,17.45,9599
963,Bail,bgowardqq@networksolutions.com,Male,Analyst Programmer,72.72,8852
964,Shirleen,scarlessqr@arstechnica.com,Female,Junior Executive,97.67,812
965,Lonnard,ltinkqs@blogspot.com,Male,Software Consultant,25.23,8960
966,Jo-ann,jcoulthurstqt@constantcontact.com,Female,Nurse,97.29,2601
967,Kipper,kconyerqu@opensource.org,Male,Research Assistant III,28.83,582
968,Alfred,astadenqv@dot.gov,Male,Budget/Accounting Analyst II,37.14,8251
969,Edith,ephilippetqw@abc.net.au,Female,VP Quality Control,9.46,1377
970,Stanleigh,sdaymentqx@cam.ac.uk,Male,Biostatistician I,97.31,5428
971,Miran,mclagueqy@joomla.org,Female,Information Systems Manager,34.39,7408
972,Beverlee,btullethqz@mtv.com,Female,Biostatistician I,79.85,6763
973,Jerome,jbiglinr0@wordpress.com,Male,Dental Hygienist,9.23,6544
974,Ebenezer,eshakelader1@ft.com,Male,Research Assistant IV,52.96,1592
975,Georgeanne,gjostanr2@hibu.com,Female,Electrical Engineer,47.51,8539
976,Arlyne,ashortinr3@so-net.ne.jp,Female,Information Systems Manager,1.89,694
977,Fancy,fdelahayr4@oracle.com,Female,Database Administrator IV,18.6,3100
978,Cristen,calesir5@discovery.com,Female,VP Marketing,92.27,4328
979,Celesta,cforesightr6@prnewswire.com,Female,Teacher,22.26,3487
980,Rouvin,rcoulbeckr7@auda.org.au,Male,Compensation Analyst,64.81,8878
981,Wallis,wdumiganr8@xing.com,Male,Web Designer II,14.3,7387
982,Danell,dvigneronr9@artisteer.com,Female,Pharmacist,62.27,2984
983,Tonnie,tvernazzara@ning.com,Male,Senior Cost Accountant,77.18,6206
984,Catherine,caldinsrb@aboutads.info,Female,Help Desk Technician,96.57,5163
985,Jerry,jfeigerc@livejournal.com,Male,Mechanical Systems Engineer,81.97,5254
986,Bernadette,bdonohuerd@nytimes.com,Female,Environmental Specialist,50.81,341
987,Aldon,amcreidyre@timesonline.co.uk,Male,Help Desk Technician,99.04,9378
988,Alfredo,amcclenaghanrf@sciencedaily.com,Male,Programmer Analyst III,13.13,6826
989,Neall,narchanbaultrg@va.gov,Male,Help Desk Technician,79.91,8211
990,Lexie,lcysterrh@edublogs.org,Female,Project Manager,83.74,664
991,Larisa,lkondratowiczri@patch.com,Female,Director of Sales,30.72,6920
992,Winfield,wjermyrj@state.tx.us,Male,Assistant Professor,43.7,1772
993,Val,vslowgraverk@comcast.net,Female,Office Assistant I,60.99,4813
994,Elwood,epeddelrl@npr.org,Male,Data Coordiator,54.46,3249
995,Martha,mparlattrm@wikia.com,Female,Research Nurse,89.28,88
996,Richmond,rhattrn@zimbio.com,Male,Assistant Media Planner,94.55,7282
997,Lorne,lmclearyro@uol.com.br,Male,Media Manager I,81.8,3253
998,Agace,acattelrp@weather.com,Female,Assistant Media Planner,61.42,3311
999,Diannne,dgemnettrq@state.tx.us,Female,Project Manager,3.58,9339
1000,Borg,bcridgerr@nbcnews.com,Male,Sales Representative,59.49,7591
